date,usd_lkr_spot,source
2016-01-01,143.9,investing.com_daily_csv
2016-01-04,144.285,investing.com_daily_csv
2016-01-05,144.005,investing.com_daily_csv
2016-01-06,144.05,investing.com_daily_csv
2016-01-07,144.005,investing.com_daily_csv
2016-01-08,143.72,investing.com_daily_csv
2016-01-11,143.94,investing.com_daily_csv
2016-01-12,143.945,investing.com_daily_csv
2016-01-13,144.01,investing.com_daily_csv
2016-01-14,143.815,investing.com_daily_csv
2016-01-15,143.945,investing.com_daily_csv
2016-01-18,144.075,investing.com_daily_csv
2016-01-19,144.115,investing.com_daily_csv
2016-01-20,144.09,investing.com_daily_csv
2016-01-21,144.025,investing.com_daily_csv
2016-01-22,144.065,investing.com_daily_csv
2016-01-25,144.17,investing.com_daily_csv
2016-01-26,144.27,investing.com_daily_csv
2016-01-27,144.11,investing.com_daily_csv
2016-01-28,143.995,investing.com_daily_csv
2016-01-29,144.26,investing.com_daily_csv
2016-02-01,143.88,investing.com_daily_csv
2016-02-02,144.085,investing.com_daily_csv
2016-02-03,144.25,investing.com_daily_csv
2016-02-04,144.02,investing.com_daily_csv
2016-02-05,144.09,investing.com_daily_csv
2016-02-08,144.08,investing.com_daily_csv
2016-02-09,143.945,investing.com_daily_csv
2016-02-10,143.92,investing.com_daily_csv
2016-02-11,143.985,investing.com_daily_csv
2016-02-12,144.25,investing.com_daily_csv
2016-02-15,144.13,investing.com_daily_csv
2016-02-16,144.055,investing.com_daily_csv
2016-02-17,143.98,investing.com_daily_csv
2016-02-18,144.07,investing.com_daily_csv
2016-02-19,144.025,investing.com_daily_csv
2016-02-22,144.005,investing.com_daily_csv
2016-02-23,144.005,investing.com_daily_csv
2016-02-24,144.215,investing.com_daily_csv
2016-02-25,144.46,investing.com_daily_csv
2016-02-26,144.65,investing.com_daily_csv
2016-02-29,144.875,investing.com_daily_csv
2016-03-01,144.55,investing.com_daily_csv
2016-03-02,144.6,investing.com_daily_csv
2016-03-03,144.675,investing.com_daily_csv
2016-03-04,145.06,investing.com_daily_csv
2016-03-07,145.06,investing.com_daily_csv
2016-03-08,145.11,investing.com_daily_csv
2016-03-09,144.575,investing.com_daily_csv
2016-03-10,145.085,investing.com_daily_csv
2016-03-11,144.92,investing.com_daily_csv
2016-03-14,145.02,investing.com_daily_csv
2016-03-15,145.0,investing.com_daily_csv
2016-03-16,145.05,investing.com_daily_csv
2016-03-17,145.035,investing.com_daily_csv
2016-03-18,144.97,investing.com_daily_csv
2016-03-21,145.48,investing.com_daily_csv
2016-03-22,145.37,investing.com_daily_csv
2016-03-23,146.38,investing.com_daily_csv
2016-03-24,147.26,investing.com_daily_csv
2016-03-25,147.26,investing.com_daily_csv
2016-03-28,147.95,investing.com_daily_csv
2016-03-29,148.21,investing.com_daily_csv
2016-03-30,149.215,investing.com_daily_csv
2016-03-31,146.055,investing.com_daily_csv
2016-04-01,146.185,investing.com_daily_csv
2016-04-04,145.13,investing.com_daily_csv
2016-04-05,144.635,investing.com_daily_csv
2016-04-06,144.75,investing.com_daily_csv
2016-04-07,144.7,investing.com_daily_csv
2016-04-08,144.75,investing.com_daily_csv
2016-04-11,144.9,investing.com_daily_csv
2016-04-12,146.19,investing.com_daily_csv
2016-04-13,146.19,investing.com_daily_csv
2016-04-14,146.045,investing.com_daily_csv
2016-04-15,145.43,investing.com_daily_csv
2016-04-18,146.045,investing.com_daily_csv
2016-04-19,146.045,investing.com_daily_csv
2016-04-20,146.48,investing.com_daily_csv
2016-04-21,146.48,investing.com_daily_csv
2016-04-22,146.045,investing.com_daily_csv
2016-04-25,146.21,investing.com_daily_csv
2016-04-26,146.33,investing.com_daily_csv
2016-04-27,146.27,investing.com_daily_csv
2016-04-28,146.38,investing.com_daily_csv
2016-04-29,146.18,investing.com_daily_csv
2016-05-02,146.325,investing.com_daily_csv
2016-05-03,146.18,investing.com_daily_csv
2016-05-04,146.25,investing.com_daily_csv
2016-05-05,146.24,investing.com_daily_csv
2016-05-06,146.26,investing.com_daily_csv
2016-05-09,146.43,investing.com_daily_csv
2016-05-10,146.19,investing.com_daily_csv
2016-05-11,146.195,investing.com_daily_csv
2016-05-12,146.25,investing.com_daily_csv
2016-05-13,146.4,investing.com_daily_csv
2016-05-16,146.65,investing.com_daily_csv
2016-05-17,146.48,investing.com_daily_csv
2016-05-18,147.035,investing.com_daily_csv
2016-05-19,146.845,investing.com_daily_csv
2016-05-20,147.105,investing.com_daily_csv
2016-05-23,147.07,investing.com_daily_csv
2016-05-24,146.78,investing.com_daily_csv
2016-05-25,146.95,investing.com_daily_csv
2016-05-26,146.78,investing.com_daily_csv
2016-05-27,147.63,investing.com_daily_csv
2016-05-30,148.0,investing.com_daily_csv
2016-05-31,147.79,investing.com_daily_csv
2016-06-01,148.13,investing.com_daily_csv
2016-06-02,147.82,investing.com_daily_csv
2016-06-03,147.68,investing.com_daily_csv
2016-06-06,145.885,investing.com_daily_csv
2016-06-07,145.77,investing.com_daily_csv
2016-06-08,145.84,investing.com_daily_csv
2016-06-09,145.585,investing.com_daily_csv
2016-06-10,145.0,investing.com_daily_csv
2016-06-13,144.745,investing.com_daily_csv
2016-06-14,144.87,investing.com_daily_csv
2016-06-15,144.995,investing.com_daily_csv
2016-06-16,145.115,investing.com_daily_csv
2016-06-17,144.74,investing.com_daily_csv
2016-06-20,144.74,investing.com_daily_csv
2016-06-21,146.08,investing.com_daily_csv
2016-06-22,147.185,investing.com_daily_csv
2016-06-23,147.03,investing.com_daily_csv
2016-06-24,147.33,investing.com_daily_csv
2016-06-27,146.82,investing.com_daily_csv
2016-06-28,147.835,investing.com_daily_csv
2016-06-29,146.04,investing.com_daily_csv
2016-06-30,145.695,investing.com_daily_csv
2016-07-01,145.695,investing.com_daily_csv
2016-07-04,146.5,investing.com_daily_csv
2016-07-05,146.7,investing.com_daily_csv
2016-07-06,146.39,investing.com_daily_csv
2016-07-07,145.555,investing.com_daily_csv
2016-07-08,144.93,investing.com_daily_csv
2016-07-11,145.54,investing.com_daily_csv
2016-07-12,146.21,investing.com_daily_csv
2016-07-13,145.765,investing.com_daily_csv
2016-07-14,145.57,investing.com_daily_csv
2016-07-15,145.78,investing.com_daily_csv
2016-07-18,145.435,investing.com_daily_csv
2016-07-19,145.435,investing.com_daily_csv
2016-07-20,146.26,investing.com_daily_csv
2016-07-21,145.745,investing.com_daily_csv
2016-07-22,145.78,investing.com_daily_csv
2016-07-25,145.71,investing.com_daily_csv
2016-07-26,145.505,investing.com_daily_csv
2016-07-27,145.9,investing.com_daily_csv
2016-07-28,145.505,investing.com_daily_csv
2016-07-29,145.505,investing.com_daily_csv
2016-08-01,145.76,investing.com_daily_csv
2016-08-02,145.77,investing.com_daily_csv
2016-08-03,145.355,investing.com_daily_csv
2016-08-04,145.75,investing.com_daily_csv
2016-08-05,145.7,investing.com_daily_csv
2016-08-08,145.285,investing.com_daily_csv
2016-08-09,145.31,investing.com_daily_csv
2016-08-10,145.18,investing.com_daily_csv
2016-08-11,144.985,investing.com_daily_csv
2016-08-12,145.35,investing.com_daily_csv
2016-08-15,145.165,investing.com_daily_csv
2016-08-16,144.97,investing.com_daily_csv
2016-08-17,145.285,investing.com_daily_csv
2016-08-18,145.215,investing.com_daily_csv
2016-08-19,145.41,investing.com_daily_csv
2016-08-22,145.27,investing.com_daily_csv
2016-08-23,145.14,investing.com_daily_csv
2016-08-24,145.075,investing.com_daily_csv
2016-08-25,144.945,investing.com_daily_csv
2016-08-26,145.43,investing.com_daily_csv
2016-08-29,145.59,investing.com_daily_csv
2016-08-30,145.64,investing.com_daily_csv
2016-08-31,145.475,investing.com_daily_csv
2016-09-01,145.43,investing.com_daily_csv
2016-09-02,145.51,investing.com_daily_csv
2016-09-05,145.3,investing.com_daily_csv
2016-09-06,145.37,investing.com_daily_csv
2016-09-07,145.24,investing.com_daily_csv
2016-09-08,145.175,investing.com_daily_csv
2016-09-09,145.24,investing.com_daily_csv
2016-09-12,145.2,investing.com_daily_csv
2016-09-13,145.28,investing.com_daily_csv
2016-09-14,145.46,investing.com_daily_csv
2016-09-15,145.32,investing.com_daily_csv
2016-09-16,145.63,investing.com_daily_csv
2016-09-19,145.255,investing.com_daily_csv
2016-09-20,145.26,investing.com_daily_csv
2016-09-21,146.28,investing.com_daily_csv
2016-09-22,146.14,investing.com_daily_csv
2016-09-23,146.23,investing.com_daily_csv
2016-09-26,146.14,investing.com_daily_csv
2016-09-27,146.26,investing.com_daily_csv
2016-09-28,146.51,investing.com_daily_csv
2016-09-29,146.48,investing.com_daily_csv
2016-09-30,146.61,investing.com_daily_csv
2016-10-03,146.475,investing.com_daily_csv
2016-10-04,146.505,investing.com_daily_csv
2016-10-05,146.475,investing.com_daily_csv
2016-10-06,146.555,investing.com_daily_csv
2016-10-07,146.745,investing.com_daily_csv
2016-10-10,146.675,investing.com_daily_csv
2016-10-11,146.805,investing.com_daily_csv
2016-10-12,146.895,investing.com_daily_csv
2016-10-13,146.85,investing.com_daily_csv
2016-10-14,146.855,investing.com_daily_csv
2016-10-17,146.925,investing.com_daily_csv
2016-10-18,147.03,investing.com_daily_csv
2016-10-19,147.105,investing.com_daily_csv
2016-10-20,147.01,investing.com_daily_csv
2016-10-21,147.24,investing.com_daily_csv
2016-10-24,147.15,investing.com_daily_csv
2016-10-25,147.58,investing.com_daily_csv
2016-10-26,147.44,investing.com_daily_csv
2016-10-27,147.75,investing.com_daily_csv
2016-10-28,147.86,investing.com_daily_csv
2016-10-31,147.81,investing.com_daily_csv
2016-11-01,147.955,investing.com_daily_csv
2016-11-02,148.27,investing.com_daily_csv
2016-11-03,148.255,investing.com_daily_csv
2016-11-04,148.255,investing.com_daily_csv
2016-11-07,148.235,investing.com_daily_csv
2016-11-08,147.855,investing.com_daily_csv
2016-11-09,147.8,investing.com_daily_csv
2016-11-10,147.635,investing.com_daily_csv
2016-11-11,147.7,investing.com_daily_csv
2016-11-14,147.76,investing.com_daily_csv
2016-11-15,148.0,investing.com_daily_csv
2016-11-16,148.18,investing.com_daily_csv
2016-11-17,148.195,investing.com_daily_csv
2016-11-18,148.38,investing.com_daily_csv
2016-11-21,148.275,investing.com_daily_csv
2016-11-22,148.44,investing.com_daily_csv
2016-11-23,148.31,investing.com_daily_csv
2016-11-24,148.3,investing.com_daily_csv
2016-11-25,148.495,investing.com_daily_csv
2016-11-28,148.665,investing.com_daily_csv
2016-11-29,149.14,investing.com_daily_csv
2016-11-30,149.0,investing.com_daily_csv
2016-12-01,148.35,investing.com_daily_csv
2016-12-02,149.0,investing.com_daily_csv
2016-12-05,148.93,investing.com_daily_csv
2016-12-06,148.9,investing.com_daily_csv
2016-12-07,148.93,investing.com_daily_csv
2016-12-08,148.93,investing.com_daily_csv
2016-12-09,148.93,investing.com_daily_csv
2016-12-12,148.93,investing.com_daily_csv
2016-12-13,148.93,investing.com_daily_csv
2016-12-14,148.93,investing.com_daily_csv
2016-12-15,148.93,investing.com_daily_csv
2016-12-16,148.93,investing.com_daily_csv
2016-12-19,148.93,investing.com_daily_csv
2016-12-20,148.93,investing.com_daily_csv
2016-12-21,148.93,investing.com_daily_csv
2016-12-22,150.2,investing.com_daily_csv
2016-12-23,149.75,investing.com_daily_csv
2016-12-26,149.75,investing.com_daily_csv
2016-12-27,148.93,investing.com_daily_csv
2016-12-28,148.93,investing.com_daily_csv
2016-12-29,149.8,investing.com_daily_csv
2016-12-30,149.8,investing.com_daily_csv
2017-01-02,149.75,investing.com_daily_csv
2017-01-03,149.9,investing.com_daily_csv
2017-01-04,149.91,investing.com_daily_csv
2017-01-05,149.855,investing.com_daily_csv
2017-01-06,149.94,investing.com_daily_csv
2017-01-09,149.87,investing.com_daily_csv
2017-01-10,149.855,investing.com_daily_csv
2017-01-11,150.06,investing.com_daily_csv
2017-01-12,150.06,investing.com_daily_csv
2017-01-13,150.06,investing.com_daily_csv
2017-01-16,149.975,investing.com_daily_csv
2017-01-17,149.855,investing.com_daily_csv
2017-01-18,150.11,investing.com_daily_csv
2017-01-19,150.145,investing.com_daily_csv
2017-01-20,150.15,investing.com_daily_csv
2017-01-23,150.185,investing.com_daily_csv
2017-01-24,150.2,investing.com_daily_csv
2017-01-25,150.31,investing.com_daily_csv
2017-01-26,150.31,investing.com_daily_csv
2017-01-27,150.28,investing.com_daily_csv
2017-01-30,150.28,investing.com_daily_csv
2017-01-31,150.435,investing.com_daily_csv
2017-02-01,150.6,investing.com_daily_csv
2017-02-02,150.5,investing.com_daily_csv
2017-02-03,150.45,investing.com_daily_csv
2017-02-06,150.575,investing.com_daily_csv
2017-02-07,150.645,investing.com_daily_csv
2017-02-08,150.695,investing.com_daily_csv
2017-02-09,150.715,investing.com_daily_csv
2017-02-10,150.66,investing.com_daily_csv
2017-02-13,150.575,investing.com_daily_csv
2017-02-14,150.55,investing.com_daily_csv
2017-02-15,150.6,investing.com_daily_csv
2017-02-16,150.7,investing.com_daily_csv
2017-02-17,151.04,investing.com_daily_csv
2017-02-20,151.13,investing.com_daily_csv
2017-02-21,151.04,investing.com_daily_csv
2017-02-22,152.435,investing.com_daily_csv
2017-02-23,152.435,investing.com_daily_csv
2017-02-24,152.435,investing.com_daily_csv
2017-02-27,151.975,investing.com_daily_csv
2017-02-28,152.44,investing.com_daily_csv
2017-03-01,152.435,investing.com_daily_csv
2017-03-02,152.435,investing.com_daily_csv
2017-03-03,152.435,investing.com_daily_csv
2017-03-06,152.37,investing.com_daily_csv
2017-03-07,151.41,investing.com_daily_csv
2017-03-08,151.29,investing.com_daily_csv
2017-03-09,151.475,investing.com_daily_csv
2017-03-10,151.46,investing.com_daily_csv
2017-03-13,151.495,investing.com_daily_csv
2017-03-14,151.85,investing.com_daily_csv
2017-03-15,152.035,investing.com_daily_csv
2017-03-16,152.1,investing.com_daily_csv
2017-03-17,152.325,investing.com_daily_csv
2017-03-20,152.025,investing.com_daily_csv
2017-03-21,151.75,investing.com_daily_csv
2017-03-22,151.755,investing.com_daily_csv
2017-03-23,151.895,investing.com_daily_csv
2017-03-24,151.75,investing.com_daily_csv
2017-03-27,151.885,investing.com_daily_csv
2017-03-28,151.97,investing.com_daily_csv
2017-03-29,152.105,investing.com_daily_csv
2017-03-30,152.12,investing.com_daily_csv
2017-03-31,152.135,investing.com_daily_csv
2017-04-03,151.945,investing.com_daily_csv
2017-04-04,151.85,investing.com_daily_csv
2017-04-05,151.775,investing.com_daily_csv
2017-04-06,151.75,investing.com_daily_csv
2017-04-07,151.735,investing.com_daily_csv
2017-04-10,151.68,investing.com_daily_csv
2017-04-11,152.265,investing.com_daily_csv
2017-04-12,152.175,investing.com_daily_csv
2017-04-13,152.12,investing.com_daily_csv
2017-04-14,152.055,investing.com_daily_csv
2017-04-17,151.895,investing.com_daily_csv
2017-04-18,151.985,investing.com_daily_csv
2017-04-19,152.255,investing.com_daily_csv
2017-04-20,152.26,investing.com_daily_csv
2017-04-21,152.45,investing.com_daily_csv
2017-04-24,152.285,investing.com_daily_csv
2017-04-25,151.925,investing.com_daily_csv
2017-04-26,152.2,investing.com_daily_csv
2017-04-27,152.33,investing.com_daily_csv
2017-04-28,152.435,investing.com_daily_csv
2017-05-01,152.435,investing.com_daily_csv
2017-05-02,151.995,investing.com_daily_csv
2017-05-03,152.355,investing.com_daily_csv
2017-05-04,152.5,investing.com_daily_csv
2017-05-05,152.5,investing.com_daily_csv
2017-05-08,152.53,investing.com_daily_csv
2017-05-09,152.585,investing.com_daily_csv
2017-05-10,152.585,investing.com_daily_csv
2017-05-11,152.585,investing.com_daily_csv
2017-05-12,152.6,investing.com_daily_csv
2017-05-15,152.6,investing.com_daily_csv
2017-05-16,152.455,investing.com_daily_csv
2017-05-17,152.7,investing.com_daily_csv
2017-05-18,152.53,investing.com_daily_csv
2017-05-19,152.335,investing.com_daily_csv
2017-05-22,152.77,investing.com_daily_csv
2017-05-23,152.64,investing.com_daily_csv
2017-05-24,152.575,investing.com_daily_csv
2017-05-25,152.445,investing.com_daily_csv
2017-05-26,152.38,investing.com_daily_csv
2017-05-29,152.8,investing.com_daily_csv
2017-05-30,152.63,investing.com_daily_csv
2017-05-31,152.67,investing.com_daily_csv
2017-06-01,152.42,investing.com_daily_csv
2017-06-02,152.29,investing.com_daily_csv
2017-06-05,152.44,investing.com_daily_csv
2017-06-06,152.7,investing.com_daily_csv
2017-06-07,152.18,investing.com_daily_csv
2017-06-08,151.985,investing.com_daily_csv
2017-06-09,152.415,investing.com_daily_csv
2017-06-12,152.16,investing.com_daily_csv
2017-06-13,152.55,investing.com_daily_csv
2017-06-14,152.72,investing.com_daily_csv
2017-06-15,152.91,investing.com_daily_csv
2017-06-16,152.82,investing.com_daily_csv
2017-06-19,152.8,investing.com_daily_csv
2017-06-20,153.13,investing.com_daily_csv
2017-06-21,153.14,investing.com_daily_csv
2017-06-22,153.115,investing.com_daily_csv
2017-06-23,153.21,investing.com_daily_csv
2017-06-26,153.095,investing.com_daily_csv
2017-06-27,153.075,investing.com_daily_csv
2017-06-28,153.22,investing.com_daily_csv
2017-06-29,153.435,investing.com_daily_csv
2017-06-30,153.355,investing.com_daily_csv
2017-07-03,153.55,investing.com_daily_csv
2017-07-04,153.65,investing.com_daily_csv
2017-07-05,153.42,investing.com_daily_csv
2017-07-06,153.42,investing.com_daily_csv
2017-07-07,153.52,investing.com_daily_csv
2017-07-10,153.505,investing.com_daily_csv
2017-07-11,153.57,investing.com_daily_csv
2017-07-12,153.595,investing.com_daily_csv
2017-07-13,153.625,investing.com_daily_csv
2017-07-14,153.545,investing.com_daily_csv
2017-07-17,153.66,investing.com_daily_csv
2017-07-18,153.53,investing.com_daily_csv
2017-07-19,153.595,investing.com_daily_csv
2017-07-20,153.52,investing.com_daily_csv
2017-07-21,153.65,investing.com_daily_csv
2017-07-24,153.355,investing.com_daily_csv
2017-07-25,153.42,investing.com_daily_csv
2017-07-26,153.42,investing.com_daily_csv
2017-07-27,153.635,investing.com_daily_csv
2017-07-28,153.595,investing.com_daily_csv
2017-07-31,153.55,investing.com_daily_csv
2017-08-01,153.255,investing.com_daily_csv
2017-08-02,153.46,investing.com_daily_csv
2017-08-03,153.265,investing.com_daily_csv
2017-08-04,153.425,investing.com_daily_csv
2017-08-07,153.36,investing.com_daily_csv
2017-08-08,153.3,investing.com_daily_csv
2017-08-09,153.25,investing.com_daily_csv
2017-08-10,153.3,investing.com_daily_csv
2017-08-11,153.05,investing.com_daily_csv
2017-08-14,153.15,investing.com_daily_csv
2017-08-15,153.225,investing.com_daily_csv
2017-08-16,153.225,investing.com_daily_csv
2017-08-17,153.3,investing.com_daily_csv
2017-08-18,153.3,investing.com_daily_csv
2017-08-21,153.15,investing.com_daily_csv
2017-08-22,153.0,investing.com_daily_csv
2017-08-23,152.975,investing.com_daily_csv
2017-08-24,153.0,investing.com_daily_csv
2017-08-25,153.0,investing.com_daily_csv
2017-08-28,152.95,investing.com_daily_csv
2017-08-29,152.85,investing.com_daily_csv
2017-08-30,152.825,investing.com_daily_csv
2017-08-31,152.775,investing.com_daily_csv
2017-09-01,152.775,investing.com_daily_csv
2017-09-04,152.425,investing.com_daily_csv
2017-09-05,152.425,investing.com_daily_csv
2017-09-06,152.675,investing.com_daily_csv
2017-09-07,152.7,investing.com_daily_csv
2017-09-08,152.775,investing.com_daily_csv
2017-09-11,152.8,investing.com_daily_csv
2017-09-12,152.85,investing.com_daily_csv
2017-09-13,153.025,investing.com_daily_csv
2017-09-14,152.9,investing.com_daily_csv
2017-09-15,152.9,investing.com_daily_csv
2017-09-18,153.0,investing.com_daily_csv
2017-09-19,153.125,investing.com_daily_csv
2017-09-20,152.675,investing.com_daily_csv
2017-09-21,152.775,investing.com_daily_csv
2017-09-22,152.75,investing.com_daily_csv
2017-09-25,153.0,investing.com_daily_csv
2017-09-26,153.0,investing.com_daily_csv
2017-09-27,153.1,investing.com_daily_csv
2017-09-28,153.125,investing.com_daily_csv
2017-09-29,153.08,investing.com_daily_csv
2017-10-02,153.1,investing.com_daily_csv
2017-10-03,153.25,investing.com_daily_csv
2017-10-04,153.3,investing.com_daily_csv
2017-10-05,153.3,investing.com_daily_csv
2017-10-06,153.3,investing.com_daily_csv
2017-10-09,153.35,investing.com_daily_csv
2017-10-10,153.45,investing.com_daily_csv
2017-10-11,153.475,investing.com_daily_csv
2017-10-12,153.725,investing.com_daily_csv
2017-10-13,153.75,investing.com_daily_csv
2017-10-16,153.6,investing.com_daily_csv
2017-10-17,153.625,investing.com_daily_csv
2017-10-18,153.625,investing.com_daily_csv
2017-10-19,153.65,investing.com_daily_csv
2017-10-20,153.7,investing.com_daily_csv
2017-10-23,153.7,investing.com_daily_csv
2017-10-24,153.8,investing.com_daily_csv
2017-10-25,153.85,investing.com_daily_csv
2017-10-26,153.6,investing.com_daily_csv
2017-10-27,153.55,investing.com_daily_csv
2017-10-30,153.6,investing.com_daily_csv
2017-10-31,153.625,investing.com_daily_csv
2017-11-01,153.7,investing.com_daily_csv
2017-11-02,153.6,investing.com_daily_csv
2017-11-03,153.6,investing.com_daily_csv
2017-11-06,153.6,investing.com_daily_csv
2017-11-07,153.425,investing.com_daily_csv
2017-11-08,153.375,investing.com_daily_csv
2017-11-09,153.6,investing.com_daily_csv
2017-11-10,153.6,investing.com_daily_csv
2017-11-13,153.65,investing.com_daily_csv
2017-11-14,153.6,investing.com_daily_csv
2017-11-15,153.8,investing.com_daily_csv
2017-11-16,153.65,investing.com_daily_csv
2017-11-17,153.65,investing.com_daily_csv
2017-11-20,153.75,investing.com_daily_csv
2017-11-21,153.78,investing.com_daily_csv
2017-11-22,153.75,investing.com_daily_csv
2017-11-23,153.725,investing.com_daily_csv
2017-11-24,153.75,investing.com_daily_csv
2017-11-27,153.6,investing.com_daily_csv
2017-11-28,153.8,investing.com_daily_csv
2017-11-29,153.775,investing.com_daily_csv
2017-11-30,153.6,investing.com_daily_csv
2017-12-01,153.6,investing.com_daily_csv
2017-12-04,153.55,investing.com_daily_csv
2017-12-05,153.35,investing.com_daily_csv
2017-12-06,153.325,investing.com_daily_csv
2017-12-07,153.4,investing.com_daily_csv
2017-12-08,153.2,investing.com_daily_csv
2017-12-11,153.1,investing.com_daily_csv
2017-12-12,153.11,investing.com_daily_csv
2017-12-13,153.2,investing.com_daily_csv
2017-12-14,153.2,investing.com_daily_csv
2017-12-15,153.15,investing.com_daily_csv
2017-12-18,153.175,investing.com_daily_csv
2017-12-19,153.125,investing.com_daily_csv
2017-12-20,153.1,investing.com_daily_csv
2017-12-21,152.925,investing.com_daily_csv
2017-12-22,152.95,investing.com_daily_csv
2017-12-25,152.95,investing.com_daily_csv
2017-12-26,152.7,investing.com_daily_csv
2017-12-27,152.425,investing.com_daily_csv
2017-12-28,153.4,investing.com_daily_csv
2017-12-29,153.5,investing.com_daily_csv
2018-01-01,153.5,investing.com_daily_csv
2018-01-02,153.55,investing.com_daily_csv
2018-01-03,153.7,investing.com_daily_csv
2018-01-04,153.65,investing.com_daily_csv
2018-01-05,153.525,investing.com_daily_csv
2018-01-08,153.775,investing.com_daily_csv
2018-01-09,153.8,investing.com_daily_csv
2018-01-10,153.8,investing.com_daily_csv
2018-01-11,153.75,investing.com_daily_csv
2018-01-12,153.95,investing.com_daily_csv
2018-01-15,153.95,investing.com_daily_csv
2018-01-16,153.925,investing.com_daily_csv
2018-01-17,153.95,investing.com_daily_csv
2018-01-18,153.875,investing.com_daily_csv
2018-01-19,153.9,investing.com_daily_csv
2018-01-22,154.05,investing.com_daily_csv
2018-01-23,154.15,investing.com_daily_csv
2018-01-24,153.75,investing.com_daily_csv
2018-01-25,153.75,investing.com_daily_csv
2018-01-26,153.7,investing.com_daily_csv
2018-01-29,153.725,investing.com_daily_csv
2018-01-30,153.975,investing.com_daily_csv
2018-01-31,153.975,investing.com_daily_csv
2018-02-01,154.125,investing.com_daily_csv
2018-02-02,154.25,investing.com_daily_csv
2018-02-05,154.25,investing.com_daily_csv
2018-02-06,154.7,investing.com_daily_csv
2018-02-07,154.575,investing.com_daily_csv
2018-02-08,154.35,investing.com_daily_csv
2018-02-09,154.35,investing.com_daily_csv
2018-02-12,154.95,investing.com_daily_csv
2018-02-13,154.95,investing.com_daily_csv
2018-02-14,155.6,investing.com_daily_csv
2018-02-15,154.925,investing.com_daily_csv
2018-02-16,155.225,investing.com_daily_csv
2018-02-19,155.5,investing.com_daily_csv
2018-02-20,155.5,investing.com_daily_csv
2018-02-21,155.225,investing.com_daily_csv
2018-02-22,155.2,investing.com_daily_csv
2018-02-23,155.175,investing.com_daily_csv
2018-02-26,154.9,investing.com_daily_csv
2018-02-27,154.875,investing.com_daily_csv
2018-02-28,155.05,investing.com_daily_csv
2018-03-01,155.05,investing.com_daily_csv
2018-03-02,155.225,investing.com_daily_csv
2018-03-05,154.95,investing.com_daily_csv
2018-03-06,155.075,investing.com_daily_csv
2018-03-07,155.375,investing.com_daily_csv
2018-03-08,155.425,investing.com_daily_csv
2018-03-09,155.5,investing.com_daily_csv
2018-03-12,155.65,investing.com_daily_csv
2018-03-13,155.75,investing.com_daily_csv
2018-03-14,155.85,investing.com_daily_csv
2018-03-15,156.05,investing.com_daily_csv
2018-03-16,156.025,investing.com_daily_csv
2018-03-19,156.1,investing.com_daily_csv
2018-03-20,156.1,investing.com_daily_csv
2018-03-21,156.05,investing.com_daily_csv
2018-03-22,156.135,investing.com_daily_csv
2018-03-23,156.15,investing.com_daily_csv
2018-03-26,156.075,investing.com_daily_csv
2018-03-27,156.075,investing.com_daily_csv
2018-03-28,155.675,investing.com_daily_csv
2018-03-29,155.7,investing.com_daily_csv
2018-03-30,155.7,investing.com_daily_csv
2018-04-02,155.225,investing.com_daily_csv
2018-04-03,155.8,investing.com_daily_csv
2018-04-04,155.95,investing.com_daily_csv
2018-04-05,155.5,investing.com_daily_csv
2018-04-06,155.5,investing.com_daily_csv
2018-04-09,155.55,investing.com_daily_csv
2018-04-10,155.55,investing.com_daily_csv
2018-04-11,155.7,investing.com_daily_csv
2018-04-12,155.675,investing.com_daily_csv
2018-04-13,155.675,investing.com_daily_csv
2018-04-16,155.975,investing.com_daily_csv
2018-04-17,156.35,investing.com_daily_csv
2018-04-18,156.4,investing.com_daily_csv
2018-04-19,156.15,investing.com_daily_csv
2018-04-20,156.35,investing.com_daily_csv
2018-04-23,156.825,investing.com_daily_csv
2018-04-24,156.95,investing.com_daily_csv
2018-04-25,157.7,investing.com_daily_csv
2018-04-26,157.6,investing.com_daily_csv
2018-04-27,157.7,investing.com_daily_csv
2018-04-30,157.7,investing.com_daily_csv
2018-05-01,157.7,investing.com_daily_csv
2018-05-02,157.575,investing.com_daily_csv
2018-05-03,157.675,investing.com_daily_csv
2018-05-04,157.53,investing.com_daily_csv
2018-05-07,157.53,investing.com_daily_csv
2018-05-08,157.6,investing.com_daily_csv
2018-05-09,158.0,investing.com_daily_csv
2018-05-10,157.8,investing.com_daily_csv
2018-05-11,157.8,investing.com_daily_csv
2018-05-14,158.025,investing.com_daily_csv
2018-05-15,158.1,investing.com_daily_csv
2018-05-16,158.15,investing.com_daily_csv
2018-05-17,157.8,investing.com_daily_csv
2018-05-18,157.75,investing.com_daily_csv
2018-05-21,157.8,investing.com_daily_csv
2018-05-22,157.9,investing.com_daily_csv
2018-05-23,157.85,investing.com_daily_csv
2018-05-24,158.0,investing.com_daily_csv
2018-05-25,158.05,investing.com_daily_csv
2018-05-28,157.95,investing.com_daily_csv
2018-05-29,157.95,investing.com_daily_csv
2018-05-30,158.1,investing.com_daily_csv
2018-05-31,158.25,investing.com_daily_csv
2018-06-01,158.65,investing.com_daily_csv
2018-06-04,158.525,investing.com_daily_csv
2018-06-05,158.45,investing.com_daily_csv
2018-06-06,158.7,investing.com_daily_csv
2018-06-07,158.9,investing.com_daily_csv
2018-06-08,159.05,investing.com_daily_csv
2018-06-11,159.2,investing.com_daily_csv
2018-06-12,159.5,investing.com_daily_csv
2018-06-13,159.7,investing.com_daily_csv
2018-06-14,159.65,investing.com_daily_csv
2018-06-15,159.65,investing.com_daily_csv
2018-06-18,159.9,investing.com_daily_csv
2018-06-19,160.0,investing.com_daily_csv
2018-06-20,159.9,investing.com_daily_csv
2018-06-21,159.5,investing.com_daily_csv
2018-06-22,159.0,investing.com_daily_csv
2018-06-25,158.9,investing.com_daily_csv
2018-06-26,158.35,investing.com_daily_csv
2018-06-27,158.35,investing.com_daily_csv
2018-06-28,158.3,investing.com_daily_csv
2018-06-29,158.3,investing.com_daily_csv
2018-07-02,158.4,investing.com_daily_csv
2018-07-03,158.4,investing.com_daily_csv
2018-07-04,158.7,investing.com_daily_csv
2018-07-05,158.95,investing.com_daily_csv
2018-07-06,159.2,investing.com_daily_csv
2018-07-09,159.3,investing.com_daily_csv
2018-07-10,159.275,investing.com_daily_csv
2018-07-11,159.35,investing.com_daily_csv
2018-07-12,159.4,investing.com_daily_csv
2018-07-13,159.55,investing.com_daily_csv
2018-07-16,159.8,investing.com_daily_csv
2018-07-17,159.9,investing.com_daily_csv
2018-07-18,159.9,investing.com_daily_csv
2018-07-19,159.95,investing.com_daily_csv
2018-07-20,159.95,investing.com_daily_csv
2018-07-23,159.5,investing.com_daily_csv
2018-07-24,159.425,investing.com_daily_csv
2018-07-25,159.55,investing.com_daily_csv
2018-07-26,159.6,investing.com_daily_csv
2018-07-27,159.6,investing.com_daily_csv
2018-07-30,159.65,investing.com_daily_csv
2018-07-31,159.65,investing.com_daily_csv
2018-08-01,159.5,investing.com_daily_csv
2018-08-02,159.7,investing.com_daily_csv
2018-08-03,159.8,investing.com_daily_csv
2018-08-06,159.75,investing.com_daily_csv
2018-08-07,159.75,investing.com_daily_csv
2018-08-08,159.85,investing.com_daily_csv
2018-08-09,159.95,investing.com_daily_csv
2018-08-10,159.95,investing.com_daily_csv
2018-08-13,160.0,investing.com_daily_csv
2018-08-14,160.15,investing.com_daily_csv
2018-08-15,160.15,investing.com_daily_csv
2018-08-16,160.5,investing.com_daily_csv
2018-08-17,160.45,investing.com_daily_csv
2018-08-20,160.5,investing.com_daily_csv
2018-08-21,160.6,investing.com_daily_csv
2018-08-22,160.6,investing.com_daily_csv
2018-08-23,160.7,investing.com_daily_csv
2018-08-24,161.0,investing.com_daily_csv
2018-08-27,161.1,investing.com_daily_csv
2018-08-28,161.25,investing.com_daily_csv
2018-08-29,161.4,investing.com_daily_csv
2018-08-30,161.45,investing.com_daily_csv
2018-08-31,161.5,investing.com_daily_csv
2018-09-03,161.6,investing.com_daily_csv
2018-09-04,161.9,investing.com_daily_csv
2018-09-05,162.2,investing.com_daily_csv
2018-09-06,161.6,investing.com_daily_csv
2018-09-07,162.05,investing.com_daily_csv
2018-09-10,162.4,investing.com_daily_csv
2018-09-11,162.3,investing.com_daily_csv
2018-09-12,162.5,investing.com_daily_csv
2018-09-13,162.85,investing.com_daily_csv
2018-09-14,163.8,investing.com_daily_csv
2018-09-17,164.9,investing.com_daily_csv
2018-09-18,165.85,investing.com_daily_csv
2018-09-19,167.125,investing.com_daily_csv
2018-09-20,168.8,investing.com_daily_csv
2018-09-21,168.675,investing.com_daily_csv
2018-09-24,168.675,investing.com_daily_csv
2018-09-25,168.75,investing.com_daily_csv
2018-09-26,168.95,investing.com_daily_csv
2018-09-27,169.25,investing.com_daily_csv
2018-09-28,169.15,investing.com_daily_csv
2018-10-01,169.1,investing.com_daily_csv
2018-10-02,169.325,investing.com_daily_csv
2018-10-03,169.85,investing.com_daily_csv
2018-10-04,170.025,investing.com_daily_csv
2018-10-05,170.3,investing.com_daily_csv
2018-10-08,170.65,investing.com_daily_csv
2018-10-09,171.05,investing.com_daily_csv
2018-10-10,171.25,investing.com_daily_csv
2018-10-11,171.3,investing.com_daily_csv
2018-10-12,169.75,investing.com_daily_csv
2018-10-15,170.35,investing.com_daily_csv
2018-10-16,170.85,investing.com_daily_csv
2018-10-17,171.05,investing.com_daily_csv
2018-10-18,171.3,investing.com_daily_csv
2018-10-19,171.775,investing.com_daily_csv
2018-10-22,172.6,investing.com_daily_csv
2018-10-23,172.65,investing.com_daily_csv
2018-10-24,172.65,investing.com_daily_csv
2018-10-25,172.75,investing.com_daily_csv
2018-10-26,172.9,investing.com_daily_csv
2018-10-29,173.95,investing.com_daily_csv
2018-10-30,174.45,investing.com_daily_csv
2018-10-31,175.6,investing.com_daily_csv
2018-11-01,174.25,investing.com_daily_csv
2018-11-02,174.35,investing.com_daily_csv
2018-11-05,174.35,investing.com_daily_csv
2018-11-06,174.35,investing.com_daily_csv
2018-11-07,174.75,investing.com_daily_csv
2018-11-08,174.85,investing.com_daily_csv
2018-11-09,175.1,investing.com_daily_csv
2018-11-12,175.75,investing.com_daily_csv
2018-11-13,176.1,investing.com_daily_csv
2018-11-14,176.2,investing.com_daily_csv
2018-11-15,176.55,investing.com_daily_csv
2018-11-16,176.75,investing.com_daily_csv
2018-11-19,177.25,investing.com_daily_csv
2018-11-20,177.25,investing.com_daily_csv
2018-11-21,178.75,investing.com_daily_csv
2018-11-22,178.75,investing.com_daily_csv
2018-11-23,179.6,investing.com_daily_csv
2018-11-26,180.25,investing.com_daily_csv
2018-11-27,180.35,investing.com_daily_csv
2018-11-28,179.65,investing.com_daily_csv
2018-11-29,179.75,investing.com_daily_csv
2018-11-30,178.8,investing.com_daily_csv
2018-12-03,178.85,investing.com_daily_csv
2018-12-04,179.05,investing.com_daily_csv
2018-12-05,179.35,investing.com_daily_csv
2018-12-06,179.25,investing.com_daily_csv
2018-12-07,178.55,investing.com_daily_csv
2018-12-10,178.95,investing.com_daily_csv
2018-12-11,179.3,investing.com_daily_csv
2018-12-12,179.425,investing.com_daily_csv
2018-12-13,179.75,investing.com_daily_csv
2018-12-14,179.8,investing.com_daily_csv
2018-12-17,179.9,investing.com_daily_csv
2018-12-18,180.05,investing.com_daily_csv
2018-12-19,180.35,investing.com_daily_csv
2018-12-20,181.0,investing.com_daily_csv
2018-12-21,181.2,investing.com_daily_csv
2018-12-24,181.55,investing.com_daily_csv
2018-12-25,181.55,investing.com_daily_csv
2018-12-26,181.65,investing.com_daily_csv
2018-12-27,182.35,investing.com_daily_csv
2018-12-28,183.0,investing.com_daily_csv
2018-12-31,182.9,investing.com_daily_csv
2019-01-01,182.85,investing.com_daily_csv
2019-01-02,182.95,investing.com_daily_csv
2019-01-03,182.9,investing.com_daily_csv
2019-01-04,182.75,investing.com_daily_csv
2019-01-07,182.25,investing.com_daily_csv
2019-01-08,182.6,investing.com_daily_csv
2019-01-09,182.45,investing.com_daily_csv
2019-01-10,182.05,investing.com_daily_csv
2019-01-11,181.95,investing.com_daily_csv
2019-01-14,182.25,investing.com_daily_csv
2019-01-15,182.25,investing.com_daily_csv
2019-01-16,182.35,investing.com_daily_csv
2019-01-17,181.6,investing.com_daily_csv
2019-01-18,181.65,investing.com_daily_csv
2019-01-21,181.8,investing.com_daily_csv
2019-01-22,182.15,investing.com_daily_csv
2019-01-23,182.2,investing.com_daily_csv
2019-01-24,181.75,investing.com_daily_csv
2019-01-25,181.65,investing.com_daily_csv
2019-01-28,181.575,investing.com_daily_csv
2019-01-29,180.85,investing.com_daily_csv
2019-01-30,179.4,investing.com_daily_csv
2019-01-31,178.4,investing.com_daily_csv
2019-02-01,176.65,investing.com_daily_csv
2019-02-04,176.65,investing.com_daily_csv
2019-02-05,178.25,investing.com_daily_csv
2019-02-06,177.6,investing.com_daily_csv
2019-02-07,177.75,investing.com_daily_csv
2019-02-08,177.75,investing.com_daily_csv
2019-02-11,177.75,investing.com_daily_csv
2019-02-12,178.3,investing.com_daily_csv
2019-02-13,178.5,investing.com_daily_csv
2019-02-14,178.55,investing.com_daily_csv
2019-02-15,178.65,investing.com_daily_csv
2019-02-18,179.6,investing.com_daily_csv
2019-02-19,179.6,investing.com_daily_csv
2019-02-20,179.7,investing.com_daily_csv
2019-02-21,179.5,investing.com_daily_csv
2019-02-22,179.475,investing.com_daily_csv
2019-02-25,179.75,investing.com_daily_csv
2019-02-26,179.85,investing.com_daily_csv
2019-02-27,179.85,investing.com_daily_csv
2019-02-28,180.025,investing.com_daily_csv
2019-03-01,179.75,investing.com_daily_csv
2019-03-04,179.75,investing.com_daily_csv
2019-03-05,179.05,investing.com_daily_csv
2019-03-06,178.5,investing.com_daily_csv
2019-03-07,178.65,investing.com_daily_csv
2019-03-08,178.55,investing.com_daily_csv
2019-03-11,178.625,investing.com_daily_csv
2019-03-12,178.75,investing.com_daily_csv
2019-03-13,178.85,investing.com_daily_csv
2019-03-14,178.85,investing.com_daily_csv
2019-03-15,178.55,investing.com_daily_csv
2019-03-18,178.325,investing.com_daily_csv
2019-03-19,178.5,investing.com_daily_csv
2019-03-20,178.5,investing.com_daily_csv
2019-03-21,178.1,investing.com_daily_csv
2019-03-22,178.05,investing.com_daily_csv
2019-03-25,178.125,investing.com_daily_csv
2019-03-26,177.35,investing.com_daily_csv
2019-03-27,176.15,investing.com_daily_csv
2019-03-28,176.2,investing.com_daily_csv
2019-03-29,175.475,investing.com_daily_csv
2019-04-01,174.375,investing.com_daily_csv
2019-04-02,174.55,investing.com_daily_csv
2019-04-03,174.7,investing.com_daily_csv
2019-04-04,174.625,investing.com_daily_csv
2019-04-05,174.85,investing.com_daily_csv
2019-04-08,174.675,investing.com_daily_csv
2019-04-09,174.75,investing.com_daily_csv
2019-04-10,174.625,investing.com_daily_csv
2019-04-11,174.575,investing.com_daily_csv
2019-04-12,174.6,investing.com_daily_csv
2019-04-15,174.6,investing.com_daily_csv
2019-04-16,174.675,investing.com_daily_csv
2019-04-17,174.6,investing.com_daily_csv
2019-04-18,174.1,investing.com_daily_csv
2019-04-19,174.1,investing.com_daily_csv
2019-04-22,174.65,investing.com_daily_csv
2019-04-23,174.7,investing.com_daily_csv
2019-04-24,174.9,investing.com_daily_csv
2019-04-25,175.25,investing.com_daily_csv
2019-04-26,175.45,investing.com_daily_csv
2019-04-29,175.8,investing.com_daily_csv
2019-04-30,176.2,investing.com_daily_csv
2019-05-01,176.2,investing.com_daily_csv
2019-05-02,176.6,investing.com_daily_csv
2019-05-03,177.375,investing.com_daily_csv
2019-05-06,177.45,investing.com_daily_csv
2019-05-07,177.0,investing.com_daily_csv
2019-05-08,174.7,investing.com_daily_csv
2019-05-09,175.45,investing.com_daily_csv
2019-05-10,176.35,investing.com_daily_csv
2019-05-13,176.65,investing.com_daily_csv
2019-05-14,176.75,investing.com_daily_csv
2019-05-15,176.25,investing.com_daily_csv
2019-05-16,176.05,investing.com_daily_csv
2019-05-17,175.8,investing.com_daily_csv
2019-05-20,175.8,investing.com_daily_csv
2019-05-21,176.15,investing.com_daily_csv
2019-05-22,176.55,investing.com_daily_csv
2019-05-23,176.525,investing.com_daily_csv
2019-05-24,176.475,investing.com_daily_csv
2019-05-27,176.25,investing.com_daily_csv
2019-05-28,176.275,investing.com_daily_csv
2019-05-29,176.3,investing.com_daily_csv
2019-05-30,176.375,investing.com_daily_csv
2019-05-31,176.35,investing.com_daily_csv
2019-06-03,176.5,investing.com_daily_csv
2019-06-04,176.425,investing.com_daily_csv
2019-06-05,176.425,investing.com_daily_csv
2019-06-06,176.425,investing.com_daily_csv
2019-06-07,176.425,investing.com_daily_csv
2019-06-10,176.45,investing.com_daily_csv
2019-06-11,176.45,investing.com_daily_csv
2019-06-12,176.5,investing.com_daily_csv
2019-06-13,176.6,investing.com_daily_csv
2019-06-14,176.7,investing.com_daily_csv
2019-06-17,176.8,investing.com_daily_csv
2019-06-18,176.825,investing.com_daily_csv
2019-06-19,176.675,investing.com_daily_csv
2019-06-20,176.725,investing.com_daily_csv
2019-06-21,176.675,investing.com_daily_csv
2019-06-24,176.525,investing.com_daily_csv
2019-06-25,176.5,investing.com_daily_csv
2019-06-26,176.6,investing.com_daily_csv
2019-06-27,176.6,investing.com_daily_csv
2019-06-28,176.5,investing.com_daily_csv
2019-07-01,176.3,investing.com_daily_csv
2019-07-02,176.35,investing.com_daily_csv
2019-07-03,176.05,investing.com_daily_csv
2019-07-04,176.125,investing.com_daily_csv
2019-07-05,176.15,investing.com_daily_csv
2019-07-08,176.15,investing.com_daily_csv
2019-07-09,175.675,investing.com_daily_csv
2019-07-10,175.45,investing.com_daily_csv
2019-07-11,175.4,investing.com_daily_csv
2019-07-12,175.5,investing.com_daily_csv
2019-07-15,175.725,investing.com_daily_csv
2019-07-16,175.725,investing.com_daily_csv
2019-07-17,175.675,investing.com_daily_csv
2019-07-18,175.75,investing.com_daily_csv
2019-07-19,175.8,investing.com_daily_csv
2019-07-22,175.875,investing.com_daily_csv
2019-07-23,176.05,investing.com_daily_csv
2019-07-24,176.2,investing.com_daily_csv
2019-07-25,176.2,investing.com_daily_csv
2019-07-26,176.2,investing.com_daily_csv
2019-07-29,176.2,investing.com_daily_csv
2019-07-30,176.25,investing.com_daily_csv
2019-07-31,176.375,investing.com_daily_csv
2019-08-01,176.5,investing.com_daily_csv
2019-08-02,176.65,investing.com_daily_csv
2019-08-05,176.95,investing.com_daily_csv
2019-08-06,177.45,investing.com_daily_csv
2019-08-07,177.425,investing.com_daily_csv
2019-08-08,176.9,investing.com_daily_csv
2019-08-09,176.85,investing.com_daily_csv
2019-08-12,176.85,investing.com_daily_csv
2019-08-13,176.9,investing.com_daily_csv
2019-08-14,176.9,investing.com_daily_csv
2019-08-15,177.175,investing.com_daily_csv
2019-08-16,177.175,investing.com_daily_csv
2019-08-19,177.4,investing.com_daily_csv
2019-08-20,177.95,investing.com_daily_csv
2019-08-21,178.875,investing.com_daily_csv
2019-08-22,179.5,investing.com_daily_csv
2019-08-23,180.05,investing.com_daily_csv
2019-08-26,179.6,investing.com_daily_csv
2019-08-27,179.75,investing.com_daily_csv
2019-08-28,180.35,investing.com_daily_csv
2019-08-29,180.425,investing.com_daily_csv
2019-08-30,179.45,investing.com_daily_csv
2019-09-02,179.9,investing.com_daily_csv
2019-09-03,180.4,investing.com_daily_csv
2019-09-04,180.6,investing.com_daily_csv
2019-09-05,180.75,investing.com_daily_csv
2019-09-06,180.9,investing.com_daily_csv
2019-09-09,180.575,investing.com_daily_csv
2019-09-10,180.4,investing.com_daily_csv
2019-09-11,180.35,investing.com_daily_csv
2019-09-12,180.35,investing.com_daily_csv
2019-09-13,180.35,investing.com_daily_csv
2019-09-16,180.475,investing.com_daily_csv
2019-09-17,180.65,investing.com_daily_csv
2019-09-18,180.75,investing.com_daily_csv
2019-09-19,180.95,investing.com_daily_csv
2019-09-20,181.2,investing.com_daily_csv
2019-09-23,181.5,investing.com_daily_csv
2019-09-24,181.15,investing.com_daily_csv
2019-09-25,181.65,investing.com_daily_csv
2019-09-26,181.775,investing.com_daily_csv
2019-09-27,181.9,investing.com_daily_csv
2019-09-30,182.125,investing.com_daily_csv
2019-10-01,182.325,investing.com_daily_csv
2019-10-02,181.825,investing.com_daily_csv
2019-10-03,181.5,investing.com_daily_csv
2019-10-04,181.425,investing.com_daily_csv
2019-10-07,180.925,investing.com_daily_csv
2019-10-08,180.45,investing.com_daily_csv
2019-10-09,180.55,investing.com_daily_csv
2019-10-10,180.6,investing.com_daily_csv
2019-10-11,180.75,investing.com_daily_csv
2019-10-14,181.0,investing.com_daily_csv
2019-10-15,181.8,investing.com_daily_csv
2019-10-16,182.0,investing.com_daily_csv
2019-10-17,182.0,investing.com_daily_csv
2019-10-18,182.0,investing.com_daily_csv
2019-10-21,181.8,investing.com_daily_csv
2019-10-22,181.65,investing.com_daily_csv
2019-10-23,181.4,investing.com_daily_csv
2019-10-24,181.2,investing.com_daily_csv
2019-10-25,181.3,investing.com_daily_csv
2019-10-28,181.475,investing.com_daily_csv
2019-10-29,181.55,investing.com_daily_csv
2019-10-30,181.55,investing.com_daily_csv
2019-10-31,181.175,investing.com_daily_csv
2019-11-01,181.2,investing.com_daily_csv
2019-11-04,180.55,investing.com_daily_csv
2019-11-05,180.3,investing.com_daily_csv
2019-11-06,180.65,investing.com_daily_csv
2019-11-07,180.85,investing.com_daily_csv
2019-11-08,180.575,investing.com_daily_csv
2019-11-11,180.575,investing.com_daily_csv
2019-11-12,180.575,investing.com_daily_csv
2019-11-13,180.3,investing.com_daily_csv
2019-11-14,180.4,investing.com_daily_csv
2019-11-15,180.2,investing.com_daily_csv
2019-11-18,179.55,investing.com_daily_csv
2019-11-19,179.375,investing.com_daily_csv
2019-11-20,179.3,investing.com_daily_csv
2019-11-21,179.675,investing.com_daily_csv
2019-11-22,180.125,investing.com_daily_csv
2019-11-25,180.95,investing.com_daily_csv
2019-11-26,181.7,investing.com_daily_csv
2019-11-27,180.95,investing.com_daily_csv
2019-11-28,180.75,investing.com_daily_csv
2019-11-29,180.925,investing.com_daily_csv
2019-12-02,181.3,investing.com_daily_csv
2019-12-03,181.575,investing.com_daily_csv
2019-12-04,181.225,investing.com_daily_csv
2019-12-05,181.45,investing.com_daily_csv
2019-12-06,181.2,investing.com_daily_csv
2019-12-09,181.2,investing.com_daily_csv
2019-12-10,181.125,investing.com_daily_csv
2019-12-11,181.125,investing.com_daily_csv
2019-12-12,180.9,investing.com_daily_csv
2019-12-13,181.1,investing.com_daily_csv
2019-12-16,181.2,investing.com_daily_csv
2019-12-17,181.175,investing.com_daily_csv
2019-12-18,181.175,investing.com_daily_csv
2019-12-19,181.475,investing.com_daily_csv
2019-12-20,181.1,investing.com_daily_csv
2019-12-23,181.325,investing.com_daily_csv
2019-12-24,181.4,investing.com_daily_csv
2019-12-25,181.4,investing.com_daily_csv
2019-12-26,181.375,investing.com_daily_csv
2019-12-27,181.45,investing.com_daily_csv
2019-12-30,181.7,investing.com_daily_csv
2019-12-31,181.375,investing.com_daily_csv
2020-01-01,181.175,investing.com_daily_csv
2020-01-02,181.45,investing.com_daily_csv
2020-01-03,181.3,investing.com_daily_csv
2020-01-06,181.325,investing.com_daily_csv
2020-01-07,181.275,investing.com_daily_csv
2020-01-08,181.6,investing.com_daily_csv
2020-01-09,181.35,investing.com_daily_csv
2020-01-10,181.35,investing.com_daily_csv
2020-01-13,181.55,investing.com_daily_csv
2020-01-14,181.45,investing.com_daily_csv
2020-01-15,181.45,investing.com_daily_csv
2020-01-16,181.25,investing.com_daily_csv
2020-01-17,181.25,investing.com_daily_csv
2020-01-20,181.325,investing.com_daily_csv
2020-01-21,181.425,investing.com_daily_csv
2020-01-22,181.5,investing.com_daily_csv
2020-01-23,181.525,investing.com_daily_csv
2020-01-24,181.575,investing.com_daily_csv
2020-01-27,181.55,investing.com_daily_csv
2020-01-28,181.5,investing.com_daily_csv
2020-01-29,181.5,investing.com_daily_csv
2020-01-30,181.5,investing.com_daily_csv
2020-01-31,181.45,investing.com_daily_csv
2020-02-03,181.475,investing.com_daily_csv
2020-02-04,181.475,investing.com_daily_csv
2020-02-05,181.4,investing.com_daily_csv
2020-02-06,181.425,investing.com_daily_csv
2020-02-07,181.45,investing.com_daily_csv
2020-02-10,181.45,investing.com_daily_csv
2020-02-11,181.5,investing.com_daily_csv
2020-02-12,181.45,investing.com_daily_csv
2020-02-13,181.475,investing.com_daily_csv
2020-02-14,181.45,investing.com_daily_csv
2020-02-17,181.6,investing.com_daily_csv
2020-02-18,181.6,investing.com_daily_csv
2020-02-19,182.0,investing.com_daily_csv
2020-02-20,181.625,investing.com_daily_csv
2020-02-21,181.625,investing.com_daily_csv
2020-02-24,181.75,investing.com_daily_csv
2020-02-25,181.7,investing.com_daily_csv
2020-02-26,181.675,investing.com_daily_csv
2020-02-27,181.825,investing.com_daily_csv
2020-02-28,181.95,investing.com_daily_csv
2020-03-02,182.15,investing.com_daily_csv
2020-03-03,182.1,investing.com_daily_csv
2020-03-04,182.0,investing.com_daily_csv
2020-03-05,181.9,investing.com_daily_csv
2020-03-06,181.925,investing.com_daily_csv
2020-03-09,181.925,investing.com_daily_csv
2020-03-10,182.55,investing.com_daily_csv
2020-03-11,182.6,investing.com_daily_csv
2020-03-12,183.075,investing.com_daily_csv
2020-03-13,184.5,investing.com_daily_csv
2020-03-16,184.5,investing.com_daily_csv
2020-03-17,184.85,investing.com_daily_csv
2020-03-18,185.7,investing.com_daily_csv
2020-03-19,186.4,investing.com_daily_csv
2020-03-20,187.05,investing.com_daily_csv
2020-03-23,187.05,investing.com_daily_csv
2020-03-24,187.05,investing.com_daily_csv
2020-03-25,187.05,investing.com_daily_csv
2020-03-26,187.05,investing.com_daily_csv
2020-03-27,188.25,investing.com_daily_csv
2020-03-30,188.25,investing.com_daily_csv
2020-03-31,189.25,investing.com_daily_csv
2020-04-01,189.5,investing.com_daily_csv
2020-04-02,189.5,investing.com_daily_csv
2020-04-03,190.5,investing.com_daily_csv
2020-04-06,193.25,investing.com_daily_csv
2020-04-07,193.25,investing.com_daily_csv
2020-04-08,193.5,investing.com_daily_csv
2020-04-09,191.0,investing.com_daily_csv
2020-04-10,191.0,investing.com_daily_csv
2020-04-13,191.0,investing.com_daily_csv
2020-04-14,191.0,investing.com_daily_csv
2020-04-15,191.5,investing.com_daily_csv
2020-04-16,192.0,investing.com_daily_csv
2020-04-17,192.0,investing.com_daily_csv
2020-04-20,192.5,investing.com_daily_csv
2020-04-21,192.5,investing.com_daily_csv
2020-04-22,193.5,investing.com_daily_csv
2020-04-23,193.0,investing.com_daily_csv
2020-04-24,193.0,investing.com_daily_csv
2020-04-27,192.5,investing.com_daily_csv
2020-04-28,192.0,investing.com_daily_csv
2020-04-29,192.0,investing.com_daily_csv
2020-04-30,190.5,investing.com_daily_csv
2020-05-01,190.5,investing.com_daily_csv
2020-05-04,189.5,investing.com_daily_csv
2020-05-05,189.0,investing.com_daily_csv
2020-05-06,186.5,investing.com_daily_csv
2020-05-07,186.5,investing.com_daily_csv
2020-05-08,186.5,investing.com_daily_csv
2020-05-11,188.25,investing.com_daily_csv
2020-05-12,188.25,investing.com_daily_csv
2020-05-13,188.25,investing.com_daily_csv
2020-05-14,187.75,investing.com_daily_csv
2020-05-15,187.9,investing.com_daily_csv
2020-05-18,187.7,investing.com_daily_csv
2020-05-19,187.525,investing.com_daily_csv
2020-05-20,187.15,investing.com_daily_csv
2020-05-21,186.55,investing.com_daily_csv
2020-05-22,185.7,investing.com_daily_csv
2020-05-25,185.7,investing.com_daily_csv
2020-05-26,186.125,investing.com_daily_csv
2020-05-27,186.3,investing.com_daily_csv
2020-05-28,186.35,investing.com_daily_csv
2020-05-29,186.25,investing.com_daily_csv
2020-06-01,186.075,investing.com_daily_csv
2020-06-02,185.85,investing.com_daily_csv
2020-06-03,185.8,investing.com_daily_csv
2020-06-04,185.45,investing.com_daily_csv
2020-06-05,185.45,investing.com_daily_csv
2020-06-08,185.1,investing.com_daily_csv
2020-06-09,185.05,investing.com_daily_csv
2020-06-10,185.3,investing.com_daily_csv
2020-06-11,185.2,investing.com_daily_csv
2020-06-12,185.3,investing.com_daily_csv
2020-06-15,186.0,investing.com_daily_csv
2020-06-16,186.15,investing.com_daily_csv
2020-06-17,186.55,investing.com_daily_csv
2020-06-18,186.625,investing.com_daily_csv
2020-06-19,186.65,investing.com_daily_csv
2020-06-22,186.65,investing.com_daily_csv
2020-06-23,186.6,investing.com_daily_csv
2020-06-24,186.65,investing.com_daily_csv
2020-06-25,186.4,investing.com_daily_csv
2020-06-26,186.2,investing.com_daily_csv
2020-06-29,186.2,investing.com_daily_csv
2020-06-30,186.225,investing.com_daily_csv
2020-07-01,186.225,investing.com_daily_csv
2020-07-02,186.1,investing.com_daily_csv
2020-07-03,185.85,investing.com_daily_csv
2020-07-06,185.85,investing.com_daily_csv
2020-07-07,185.925,investing.com_daily_csv
2020-07-08,185.825,investing.com_daily_csv
2020-07-09,185.85,investing.com_daily_csv
2020-07-10,185.85,investing.com_daily_csv
2020-07-13,185.9,investing.com_daily_csv
2020-07-14,185.85,investing.com_daily_csv
2020-07-15,185.85,investing.com_daily_csv
2020-07-16,185.8,investing.com_daily_csv
2020-07-17,185.775,investing.com_daily_csv
2020-07-20,185.8,investing.com_daily_csv
2020-07-21,185.8,investing.com_daily_csv
2020-07-22,185.8,investing.com_daily_csv
2020-07-23,185.8,investing.com_daily_csv
2020-07-24,185.8,investing.com_daily_csv
2020-07-27,185.75,investing.com_daily_csv
2020-07-28,185.8,investing.com_daily_csv
2020-07-29,185.725,investing.com_daily_csv
2020-07-30,185.65,investing.com_daily_csv
2020-07-31,185.6,investing.com_daily_csv
2020-08-03,185.6,investing.com_daily_csv
2020-08-04,185.525,investing.com_daily_csv
2020-08-05,185.5,investing.com_daily_csv
2020-08-06,185.45,investing.com_daily_csv
2020-08-07,185.25,investing.com_daily_csv
2020-08-10,184.75,investing.com_daily_csv
2020-08-11,184.05,investing.com_daily_csv
2020-08-12,183.0,investing.com_daily_csv
2020-08-13,182.9,investing.com_daily_csv
2020-08-14,183.65,investing.com_daily_csv
2020-08-17,183.75,investing.com_daily_csv
2020-08-18,184.55,investing.com_daily_csv
2020-08-19,186.2,investing.com_daily_csv
2020-08-20,184.5,investing.com_daily_csv
2020-08-21,184.6,investing.com_daily_csv
2020-08-24,185.0,investing.com_daily_csv
2020-08-25,186.6,investing.com_daily_csv
2020-08-26,186.35,investing.com_daily_csv
2020-08-27,185.95,investing.com_daily_csv
2020-08-28,186.4,investing.com_daily_csv
2020-08-31,185.95,investing.com_daily_csv
2020-09-01,185.95,investing.com_daily_csv
2020-09-02,185.3,investing.com_daily_csv
2020-09-03,185.375,investing.com_daily_csv
2020-09-04,185.15,investing.com_daily_csv
2020-09-07,184.8,investing.com_daily_csv
2020-09-08,184.3,investing.com_daily_csv
2020-09-09,184.4,investing.com_daily_csv
2020-09-10,184.725,investing.com_daily_csv
2020-09-11,184.5,investing.com_daily_csv
2020-09-14,184.275,investing.com_daily_csv
2020-09-15,184.4,investing.com_daily_csv
2020-09-16,185.0,investing.com_daily_csv
2020-09-17,185.025,investing.com_daily_csv
2020-09-18,185.5,investing.com_daily_csv
2020-09-21,185.49,investing.com_daily_csv
2020-09-22,185.375,investing.com_daily_csv
2020-09-23,184.95,investing.com_daily_csv
2020-09-24,185.15,investing.com_daily_csv
2020-09-25,185.3,investing.com_daily_csv
2020-09-28,185.3,investing.com_daily_csv
2020-09-29,185.15,investing.com_daily_csv
2020-09-30,185.0,investing.com_daily_csv
2020-10-01,185.0,investing.com_daily_csv
2020-10-02,184.5,investing.com_daily_csv
2020-10-05,184.7,investing.com_daily_csv
2020-10-06,184.6,investing.com_daily_csv
2020-10-07,184.45,investing.com_daily_csv
2020-10-08,184.2,investing.com_daily_csv
2020-10-09,184.25,investing.com_daily_csv
2020-10-12,184.225,investing.com_daily_csv
2020-10-13,184.4,investing.com_daily_csv
2020-10-14,184.725,investing.com_daily_csv
2020-10-15,184.55,investing.com_daily_csv
2020-10-16,184.275,investing.com_daily_csv
2020-10-19,184.375,investing.com_daily_csv
2020-10-20,184.55,investing.com_daily_csv
2020-10-21,184.3,investing.com_daily_csv
2020-10-22,184.4,investing.com_daily_csv
2020-10-23,184.35,investing.com_daily_csv
2020-10-26,184.35,investing.com_daily_csv
2020-10-27,184.35,investing.com_daily_csv
2020-10-28,184.325,investing.com_daily_csv
2020-10-29,184.325,investing.com_daily_csv
2020-10-30,184.325,investing.com_daily_csv
2020-11-02,184.525,investing.com_daily_csv
2020-11-03,184.35,investing.com_daily_csv
2020-11-04,184.4,investing.com_daily_csv
2020-11-05,184.475,investing.com_daily_csv
2020-11-06,184.475,investing.com_daily_csv
2020-11-09,184.5,investing.com_daily_csv
2020-11-10,184.525,investing.com_daily_csv
2020-11-11,184.575,investing.com_daily_csv
2020-11-12,184.6,investing.com_daily_csv
2020-11-13,184.65,investing.com_daily_csv
2020-11-16,185.1,investing.com_daily_csv
2020-11-17,185.2,investing.com_daily_csv
2020-11-18,184.675,investing.com_daily_csv
2020-11-19,185.025,investing.com_daily_csv
2020-11-20,185.15,investing.com_daily_csv
2020-11-23,185.3,investing.com_daily_csv
2020-11-24,185.6,investing.com_daily_csv
2020-11-25,185.75,investing.com_daily_csv
2020-11-26,185.1,investing.com_daily_csv
2020-11-27,185.3,investing.com_daily_csv
2020-11-30,185.8,investing.com_daily_csv
2020-12-01,186.05,investing.com_daily_csv
2020-12-02,185.75,investing.com_daily_csv
2020-12-03,186.0,investing.com_daily_csv
2020-12-04,185.65,investing.com_daily_csv
2020-12-07,186.4,investing.com_daily_csv
2020-12-08,186.3,investing.com_daily_csv
2020-12-09,185.8,investing.com_daily_csv
2020-12-10,185.85,investing.com_daily_csv
2020-12-11,186.65,investing.com_daily_csv
2020-12-14,187.15,investing.com_daily_csv
2020-12-15,186.95,investing.com_daily_csv
2020-12-16,186.95,investing.com_daily_csv
2020-12-17,187.1,investing.com_daily_csv
2020-12-18,187.75,investing.com_daily_csv
2020-12-21,187.95,investing.com_daily_csv
2020-12-22,189.25,investing.com_daily_csv
2020-12-23,190.25,investing.com_daily_csv
2020-12-24,189.75,investing.com_daily_csv
2020-12-25,189.75,investing.com_daily_csv
2020-12-28,188.0,investing.com_daily_csv
2020-12-29,188.0,investing.com_daily_csv
2020-12-30,185.5,investing.com_daily_csv
2020-12-31,185.25,investing.com_daily_csv
2021-01-01,186.5,investing.com_daily_csv
2021-01-04,187.0,investing.com_daily_csv
2021-01-05,188.5,investing.com_daily_csv
2021-01-06,188.5,investing.com_daily_csv
2021-01-07,188.0,investing.com_daily_csv
2021-01-08,188.0,investing.com_daily_csv
2021-01-11,189.0,investing.com_daily_csv
2021-01-12,190.0,investing.com_daily_csv
2021-01-13,192.5,investing.com_daily_csv
2021-01-14,192.5,investing.com_daily_csv
2021-01-15,193.0,investing.com_daily_csv
2021-01-18,192.5,investing.com_daily_csv
2021-01-19,192.75,investing.com_daily_csv
2021-01-20,195.5,investing.com_daily_csv
2021-01-21,196.0,investing.com_daily_csv
2021-01-22,197.75,investing.com_daily_csv
2021-01-25,197.5,investing.com_daily_csv
2021-01-26,195.5,investing.com_daily_csv
2021-01-27,192.5,investing.com_daily_csv
2021-01-28,192.5,investing.com_daily_csv
2021-01-29,190.75,investing.com_daily_csv
2021-02-01,194.0,investing.com_daily_csv
2021-02-02,194.0,investing.com_daily_csv
2021-02-03,193.5,investing.com_daily_csv
2021-02-04,193.5,investing.com_daily_csv
2021-02-05,193.5,investing.com_daily_csv
2021-02-08,195.0,investing.com_daily_csv
2021-02-09,195.75,investing.com_daily_csv
2021-02-10,197.0,investing.com_daily_csv
2021-02-11,194.0,investing.com_daily_csv
2021-02-12,194.25,investing.com_daily_csv
2021-02-15,194.5,investing.com_daily_csv
2021-02-16,195.5,investing.com_daily_csv
2021-02-17,196.25,investing.com_daily_csv
2021-02-18,196.75,investing.com_daily_csv
2021-02-19,195.5,investing.com_daily_csv
2021-02-22,193.5,investing.com_daily_csv
2021-02-23,193.5,investing.com_daily_csv
2021-02-24,194.0,investing.com_daily_csv
2021-02-25,194.5,investing.com_daily_csv
2021-02-26,194.5,investing.com_daily_csv
2021-03-01,194.5,investing.com_daily_csv
2021-03-02,195.5,investing.com_daily_csv
2021-03-03,195.5,investing.com_daily_csv
2021-03-04,195.75,investing.com_daily_csv
2021-03-05,196.0,investing.com_daily_csv
2021-03-08,196.25,investing.com_daily_csv
2021-03-09,196.625,investing.com_daily_csv
2021-03-10,196.5,investing.com_daily_csv
2021-03-11,196.5,investing.com_daily_csv
2021-03-12,196.5,investing.com_daily_csv
2021-03-15,198.25,investing.com_daily_csv
2021-03-16,198.75,investing.com_daily_csv
2021-03-17,200.5,investing.com_daily_csv
2021-03-18,197.5,investing.com_daily_csv
2021-03-19,197.5,investing.com_daily_csv
2021-03-22,198.25,investing.com_daily_csv
2021-03-23,198.5,investing.com_daily_csv
2021-03-24,199.0,investing.com_daily_csv
2021-03-25,198.5,investing.com_daily_csv
2021-03-26,199.0,investing.com_daily_csv
2021-03-29,199.0,investing.com_daily_csv
2021-03-30,199.0,investing.com_daily_csv
2021-03-31,199.0,investing.com_daily_csv
2021-04-01,199.5,investing.com_daily_csv
2021-04-02,199.5,investing.com_daily_csv
2021-04-05,199.5,investing.com_daily_csv
2021-04-06,200.25,investing.com_daily_csv
2021-04-07,200.75,investing.com_daily_csv
2021-04-08,201.0,investing.com_daily_csv
2021-04-09,201.25,investing.com_daily_csv
2021-04-12,201.5,investing.com_daily_csv
2021-04-13,201.5,investing.com_daily_csv
2021-04-14,201.5,investing.com_daily_csv
2021-04-15,201.0,investing.com_daily_csv
2021-04-16,193.0,investing.com_daily_csv
2021-04-19,191.0,investing.com_daily_csv
2021-04-20,191.0,investing.com_daily_csv
2021-04-21,192.0,investing.com_daily_csv
2021-04-22,194.0,investing.com_daily_csv
2021-04-23,194.5,investing.com_daily_csv
2021-04-26,194.5,investing.com_daily_csv
2021-04-27,195.0,investing.com_daily_csv
2021-04-28,195.0,investing.com_daily_csv
2021-04-29,197.0,investing.com_daily_csv
2021-04-30,197.5,investing.com_daily_csv
2021-05-03,197.0,investing.com_daily_csv
2021-05-04,197.0,investing.com_daily_csv
2021-05-05,197.0,investing.com_daily_csv
2021-05-06,197.0,investing.com_daily_csv
2021-05-07,197.0,investing.com_daily_csv
2021-05-10,197.0,investing.com_daily_csv
2021-05-11,196.5,investing.com_daily_csv
2021-05-12,196.5,investing.com_daily_csv
2021-05-13,197.0,investing.com_daily_csv
2021-05-14,197.0,investing.com_daily_csv
2021-05-17,197.0,investing.com_daily_csv
2021-05-18,197.0,investing.com_daily_csv
2021-05-19,197.0,investing.com_daily_csv
2021-05-20,197.0,investing.com_daily_csv
2021-05-21,197.0,investing.com_daily_csv
2021-05-24,197.0,investing.com_daily_csv
2021-05-25,198.5,investing.com_daily_csv
2021-05-26,198.5,investing.com_daily_csv
2021-05-27,198.5,investing.com_daily_csv
2021-05-28,198.5,investing.com_daily_csv
2021-05-31,197.75,investing.com_daily_csv
2021-06-01,197.5,investing.com_daily_csv
2021-06-02,198.0,investing.com_daily_csv
2021-06-03,198.0,investing.com_daily_csv
2021-06-04,198.0,investing.com_daily_csv
2021-06-07,197.5,investing.com_daily_csv
2021-06-08,198.0,investing.com_daily_csv
2021-06-09,198.5,investing.com_daily_csv
2021-06-10,198.5,investing.com_daily_csv
2021-06-11,198.0,investing.com_daily_csv
2021-06-14,198.0,investing.com_daily_csv
2021-06-15,198.0,investing.com_daily_csv
2021-06-16,198.5,investing.com_daily_csv
2021-06-17,198.0,investing.com_daily_csv
2021-06-18,198.75,investing.com_daily_csv
2021-06-21,199.0,investing.com_daily_csv
2021-06-22,198.75,investing.com_daily_csv
2021-06-23,199.25,investing.com_daily_csv
2021-06-24,199.25,investing.com_daily_csv
2021-06-25,199.0,investing.com_daily_csv
2021-06-28,199.0,investing.com_daily_csv
2021-06-29,199.5,investing.com_daily_csv
2021-06-30,199.5,investing.com_daily_csv
2021-07-01,199.5,investing.com_daily_csv
2021-07-02,199.5,investing.com_daily_csv
2021-07-05,199.0,investing.com_daily_csv
2021-07-06,199.0,investing.com_daily_csv
2021-07-07,199.0,investing.com_daily_csv
2021-07-08,199.0,investing.com_daily_csv
2021-07-09,199.2,investing.com_daily_csv
2021-07-12,199.5,investing.com_daily_csv
2021-07-13,199.5,investing.com_daily_csv
2021-07-14,199.0,investing.com_daily_csv
2021-07-15,199.0,investing.com_daily_csv
2021-07-16,199.5,investing.com_daily_csv
2021-07-19,199.75,investing.com_daily_csv
2021-07-20,199.5,investing.com_daily_csv
2021-07-21,199.5,investing.com_daily_csv
2021-07-22,199.5,investing.com_daily_csv
2021-07-23,199.5,investing.com_daily_csv
2021-07-26,199.5,investing.com_daily_csv
2021-07-27,199.0,investing.com_daily_csv
2021-07-28,199.0,investing.com_daily_csv
2021-07-29,199.5,investing.com_daily_csv
2021-07-30,199.5,investing.com_daily_csv
2021-08-02,199.5,investing.com_daily_csv
2021-08-03,199.5,investing.com_daily_csv
2021-08-04,199.5,investing.com_daily_csv
2021-08-05,199.5,investing.com_daily_csv
2021-08-06,199.5,investing.com_daily_csv
2021-08-09,199.5,investing.com_daily_csv
2021-08-10,199.5,investing.com_daily_csv
2021-08-11,199.5,investing.com_daily_csv
2021-08-12,199.5,investing.com_daily_csv
2021-08-13,199.75,investing.com_daily_csv
2021-08-16,199.5,investing.com_daily_csv
2021-08-17,199.5,investing.com_daily_csv
2021-08-18,199.5,investing.com_daily_csv
2021-08-19,199.5,investing.com_daily_csv
2021-08-20,199.5,investing.com_daily_csv
2021-08-23,199.75,investing.com_daily_csv
2021-08-24,199.5,investing.com_daily_csv
2021-08-25,199.5,investing.com_daily_csv
2021-08-26,200.5,investing.com_daily_csv
2021-08-27,200.5,investing.com_daily_csv
2021-08-30,199.75,investing.com_daily_csv
2021-08-31,199.5,investing.com_daily_csv
2021-09-01,199.5,investing.com_daily_csv
2021-09-02,199.5,investing.com_daily_csv
2021-09-03,200.5,investing.com_daily_csv
2021-09-06,200.25,investing.com_daily_csv
2021-09-07,200.5,investing.com_daily_csv
2021-09-08,200.0,investing.com_daily_csv
2021-09-09,199.75,investing.com_daily_csv
2021-09-10,200.5,investing.com_daily_csv
2021-09-13,199.5,investing.com_daily_csv
2021-09-14,199.5,investing.com_daily_csv
2021-09-15,200.0,investing.com_daily_csv
2021-09-16,199.5,investing.com_daily_csv
2021-09-17,199.5,investing.com_daily_csv
2021-09-20,199.5,investing.com_daily_csv
2021-09-21,199.5,investing.com_daily_csv
2021-09-22,200.0,investing.com_daily_csv
2021-09-23,200.25,investing.com_daily_csv
2021-09-24,200.0,investing.com_daily_csv
2021-09-27,200.0,investing.com_daily_csv
2021-09-28,200.0,investing.com_daily_csv
2021-09-29,200.0,investing.com_daily_csv
2021-09-30,200.0,investing.com_daily_csv
2021-10-01,200.0,investing.com_daily_csv
2021-10-04,200.0,investing.com_daily_csv
2021-10-05,199.75,investing.com_daily_csv
2021-10-06,199.75,investing.com_daily_csv
2021-10-07,200.0,investing.com_daily_csv
2021-10-08,200.0,investing.com_daily_csv
2021-10-11,201.5,investing.com_daily_csv
2021-10-12,201.0,investing.com_daily_csv
2021-10-13,202.0,investing.com_daily_csv
2021-10-14,202.0,investing.com_daily_csv
2021-10-15,202.0,investing.com_daily_csv
2021-10-18,200.5,investing.com_daily_csv
2021-10-19,200.5,investing.com_daily_csv
2021-10-20,200.5,investing.com_daily_csv
2021-10-21,200.5,investing.com_daily_csv
2021-10-22,201.5,investing.com_daily_csv
2021-10-25,201.5,investing.com_daily_csv
2021-10-26,202.75,investing.com_daily_csv
2021-10-27,202.0,investing.com_daily_csv
2021-10-28,202.0,investing.com_daily_csv
2021-10-29,201.0,investing.com_daily_csv
2021-11-01,202.0,investing.com_daily_csv
2021-11-02,202.0,investing.com_daily_csv
2021-11-03,201.5,investing.com_daily_csv
2021-11-04,201.5,investing.com_daily_csv
2021-11-05,201.5,investing.com_daily_csv
2021-11-08,201.5,investing.com_daily_csv
2021-11-09,201.5,investing.com_daily_csv
2021-11-10,202.0,investing.com_daily_csv
2021-11-11,202.0,investing.com_daily_csv
2021-11-12,202.0,investing.com_daily_csv
2021-11-15,202.0,investing.com_daily_csv
2021-11-16,202.0,investing.com_daily_csv
2021-11-17,202.0,investing.com_daily_csv
2021-11-18,202.0,investing.com_daily_csv
2021-11-19,202.0,investing.com_daily_csv
2021-11-22,202.75,investing.com_daily_csv
2021-11-23,202.75,investing.com_daily_csv
2021-11-24,202.75,investing.com_daily_csv
2021-11-25,202.5,investing.com_daily_csv
2021-11-26,202.5,investing.com_daily_csv
2021-11-29,202.75,investing.com_daily_csv
2021-11-30,202.75,investing.com_daily_csv
2021-12-01,202.0,investing.com_daily_csv
2021-12-02,202.5,investing.com_daily_csv
2021-12-03,202.0,investing.com_daily_csv
2021-12-06,202.75,investing.com_daily_csv
2021-12-07,202.75,investing.com_daily_csv
2021-12-08,202.875,investing.com_daily_csv
2021-12-09,202.5,investing.com_daily_csv
2021-12-10,202.5,investing.com_daily_csv
2021-12-13,202.0,investing.com_daily_csv
2021-12-14,202.5,investing.com_daily_csv
2021-12-15,202.0,investing.com_daily_csv
2021-12-16,202.0,investing.com_daily_csv
2021-12-17,202.0,investing.com_daily_csv
2021-12-20,202.5,investing.com_daily_csv
2021-12-21,202.5,investing.com_daily_csv
2021-12-22,202.5,investing.com_daily_csv
2021-12-23,202.5,investing.com_daily_csv
2021-12-24,202.5,investing.com_daily_csv
2021-12-27,202.75,investing.com_daily_csv
2021-12-28,202.875,investing.com_daily_csv
2021-12-29,202.75,investing.com_daily_csv
2021-12-30,202.875,investing.com_daily_csv
2021-12-31,202.875,investing.com_daily_csv
2022-01-03,202.875,investing.com_daily_csv
2022-01-04,202.875,investing.com_daily_csv
2022-01-05,202.0,investing.com_daily_csv
2022-01-06,202.0,investing.com_daily_csv
2022-01-07,202.875,investing.com_daily_csv
2022-01-10,202.875,investing.com_daily_csv
2022-01-11,202.875,investing.com_daily_csv
2022-01-12,202.875,investing.com_daily_csv
2022-01-13,202.875,investing.com_daily_csv
2022-01-14,202.875,investing.com_daily_csv
2022-01-17,202.54,investing.com_daily_csv
2022-01-18,202.445,investing.com_daily_csv
2022-01-19,202.85,investing.com_daily_csv
2022-01-20,202.48,investing.com_daily_csv
2022-01-21,202.5,investing.com_daily_csv
2022-01-24,201.905,investing.com_daily_csv
2022-01-25,201.915,investing.com_daily_csv
2022-01-26,202.77,investing.com_daily_csv
2022-01-27,202.0,investing.com_daily_csv
2022-01-28,202.0,investing.com_daily_csv
2022-01-31,202.4,investing.com_daily_csv
2022-02-01,202.41,investing.com_daily_csv
2022-02-02,202.76,investing.com_daily_csv
2022-02-03,202.685,investing.com_daily_csv
2022-02-04,202.43,investing.com_daily_csv
2022-02-07,202.735,investing.com_daily_csv
2022-02-08,201.94,investing.com_daily_csv
2022-02-09,201.865,investing.com_daily_csv
2022-02-10,202.78,investing.com_daily_csv
2022-02-11,202.5,investing.com_daily_csv
2022-02-14,202.475,investing.com_daily_csv
2022-02-15,202.435,investing.com_daily_csv
2022-02-16,202.205,investing.com_daily_csv
2022-02-17,202.615,investing.com_daily_csv
2022-02-18,202.5,investing.com_daily_csv
2022-02-21,202.485,investing.com_daily_csv
2022-02-22,202.75,investing.com_daily_csv
2022-02-23,202.5,investing.com_daily_csv
2022-02-24,202.42,investing.com_daily_csv
2022-02-25,202.5,investing.com_daily_csv
2022-02-28,201.99,investing.com_daily_csv
2022-03-01,201.735,investing.com_daily_csv
2022-03-02,202.655,investing.com_daily_csv
2022-03-03,202.5,investing.com_daily_csv
2022-03-04,201.5,investing.com_daily_csv
2022-03-07,201.865,investing.com_daily_csv
2022-03-08,227.495,investing.com_daily_csv
2022-03-09,227.35,investing.com_daily_csv
2022-03-10,254.855,investing.com_daily_csv
2022-03-11,255.0,investing.com_daily_csv
2022-03-14,255.0,investing.com_daily_csv
2022-03-15,272.5,investing.com_daily_csv
2022-03-16,265.0,investing.com_daily_csv
2022-03-17,264.495,investing.com_daily_csv
2022-03-18,277.5,investing.com_daily_csv
2022-03-21,280.0,investing.com_daily_csv
2022-03-22,285.0,investing.com_daily_csv
2022-03-23,282.5,investing.com_daily_csv
2022-03-24,287.5,investing.com_daily_csv
2022-03-25,292.5,investing.com_daily_csv
2022-03-28,289.995,investing.com_daily_csv
2022-03-29,293.5,investing.com_daily_csv
2022-03-30,296.0,investing.com_daily_csv
2022-03-31,294.0,investing.com_daily_csv
2022-04-01,294.5,investing.com_daily_csv
2022-04-04,297.375,investing.com_daily_csv
2022-04-05,297.375,investing.com_daily_csv
2022-04-06,305.0,investing.com_daily_csv
2022-04-07,315.0,investing.com_daily_csv
2022-04-08,315.0,investing.com_daily_csv
2022-04-11,322.5,investing.com_daily_csv
2022-04-12,322.5,investing.com_daily_csv
2022-04-13,322.285,investing.com_daily_csv
2022-04-14,322.285,investing.com_daily_csv
2022-04-15,322.285,investing.com_daily_csv
2022-04-18,327.5,investing.com_daily_csv
2022-04-19,335.0,investing.com_daily_csv
2022-04-20,335.0,investing.com_daily_csv
2022-04-21,335.0,investing.com_daily_csv
2022-04-22,335.0,investing.com_daily_csv
2022-04-25,335.0,investing.com_daily_csv
2022-04-26,342.5,investing.com_daily_csv
2022-04-27,354.99,investing.com_daily_csv
2022-04-28,350.0,investing.com_daily_csv
2022-04-29,355.0,investing.com_daily_csv
2022-05-02,354.29,investing.com_daily_csv
2022-05-03,354.29,investing.com_daily_csv
2022-05-04,352.5,investing.com_daily_csv
2022-05-05,370.0,investing.com_daily_csv
2022-05-06,360.0,investing.com_daily_csv
2022-05-09,365.0,investing.com_daily_csv
2022-05-10,364.985,investing.com_daily_csv
2022-05-11,365.0,investing.com_daily_csv
2022-05-12,370.0,investing.com_daily_csv
2022-05-13,360.0,investing.com_daily_csv
2022-05-16,359.28,investing.com_daily_csv
2022-05-17,360.0,investing.com_daily_csv
2022-05-18,360.0,investing.com_daily_csv
2022-05-19,359.86,investing.com_daily_csv
2022-05-20,359.75,investing.com_daily_csv
2022-05-23,359.5,investing.com_daily_csv
2022-05-24,359.5,investing.com_daily_csv
2022-05-25,362.0,investing.com_daily_csv
2022-05-26,362.25,investing.com_daily_csv
2022-05-27,362.0,investing.com_daily_csv
2022-05-30,361.99,investing.com_daily_csv
2022-05-31,360.0,investing.com_daily_csv
2022-06-01,359.5,investing.com_daily_csv
2022-06-02,359.5,investing.com_daily_csv
2022-06-03,358.5,investing.com_daily_csv
2022-06-06,363.48,investing.com_daily_csv
2022-06-07,359.5,investing.com_daily_csv
2022-06-08,358.5,investing.com_daily_csv
2022-06-09,360.0,investing.com_daily_csv
2022-06-10,360.0,investing.com_daily_csv
2022-06-13,360.0,investing.com_daily_csv
2022-06-14,359.28,investing.com_daily_csv
2022-06-15,360.0,investing.com_daily_csv
2022-06-16,362.0,investing.com_daily_csv
2022-06-17,362.0,investing.com_daily_csv
2022-06-20,359.0,investing.com_daily_csv
2022-06-21,360.0,investing.com_daily_csv
2022-06-22,360.0,investing.com_daily_csv
2022-06-23,359.0,investing.com_daily_csv
2022-06-24,359.0,investing.com_daily_csv
2022-06-27,359.0,investing.com_daily_csv
2022-06-28,358.0,investing.com_daily_csv
2022-06-29,358.0,investing.com_daily_csv
2022-06-30,358.0,investing.com_daily_csv
2022-07-01,358.0,investing.com_daily_csv
2022-07-04,364.0,investing.com_daily_csv
2022-07-05,360.0,investing.com_daily_csv
2022-07-06,364.0,investing.com_daily_csv
2022-07-07,360.0,investing.com_daily_csv
2022-07-08,364.75,investing.com_daily_csv
2022-07-11,360.0,investing.com_daily_csv
2022-07-12,358.5,investing.com_daily_csv
2022-07-13,357.565,investing.com_daily_csv
2022-07-14,365.5,investing.com_daily_csv
2022-07-15,360.0,investing.com_daily_csv
2022-07-18,359.99,investing.com_daily_csv
2022-07-19,360.0,investing.com_daily_csv
2022-07-20,359.99,investing.com_daily_csv
2022-07-21,359.99,investing.com_daily_csv
2022-07-22,360.0,investing.com_daily_csv
2022-07-25,360.0,investing.com_daily_csv
2022-07-26,359.5,investing.com_daily_csv
2022-07-27,359.5,investing.com_daily_csv
2022-07-28,364.5,investing.com_daily_csv
2022-07-29,359.0,investing.com_daily_csv
2022-08-01,362.995,investing.com_daily_csv
2022-08-02,359.985,investing.com_daily_csv
2022-08-03,359.0,investing.com_daily_csv
2022-08-04,359.0,investing.com_daily_csv
2022-08-05,359.0,investing.com_daily_csv
2022-08-08,365.0,investing.com_daily_csv
2022-08-09,359.0,investing.com_daily_csv
2022-08-10,363.0,investing.com_daily_csv
2022-08-11,362.995,investing.com_daily_csv
2022-08-12,360.0,investing.com_daily_csv
2022-08-15,360.0,investing.com_daily_csv
2022-08-16,360.0,investing.com_daily_csv
2022-08-17,360.0,investing.com_daily_csv
2022-08-18,360.0,investing.com_daily_csv
2022-08-19,360.0,investing.com_daily_csv
2022-08-22,359.0,investing.com_daily_csv
2022-08-23,360.0,investing.com_daily_csv
2022-08-24,359.5,investing.com_daily_csv
2022-08-25,359.5,investing.com_daily_csv
2022-08-26,359.0,investing.com_daily_csv
2022-08-29,360.0,investing.com_daily_csv
2022-08-30,360.0,investing.com_daily_csv
2022-08-31,359.985,investing.com_daily_csv
2022-09-01,359.995,investing.com_daily_csv
2022-09-02,360.0,investing.com_daily_csv
2022-09-05,360.0,investing.com_daily_csv
2022-09-06,360.0,investing.com_daily_csv
2022-09-07,360.0,investing.com_daily_csv
2022-09-08,364.0,investing.com_daily_csv
2022-09-09,360.0,investing.com_daily_csv
2022-09-12,359.995,investing.com_daily_csv
2022-09-13,364.5,investing.com_daily_csv
2022-09-14,365.375,investing.com_daily_csv
2022-09-15,363.0,investing.com_daily_csv
2022-09-16,365.375,investing.com_daily_csv
2022-09-19,364.0,investing.com_daily_csv
2022-09-20,363.5,investing.com_daily_csv
2022-09-21,365.0,investing.com_daily_csv
2022-09-22,360.0,investing.com_daily_csv
2022-09-23,364.0,investing.com_daily_csv
2022-09-26,363.995,investing.com_daily_csv
2022-09-27,364.0,investing.com_daily_csv
2022-09-28,364.0,investing.com_daily_csv
2022-09-29,364.0,investing.com_daily_csv
2022-09-30,365.5,investing.com_daily_csv
2022-10-03,359.985,investing.com_daily_csv
2022-10-04,366.0,investing.com_daily_csv
2022-10-05,366.0,investing.com_daily_csv
2022-10-06,366.0,investing.com_daily_csv
2022-10-07,366.0,investing.com_daily_csv
2022-10-10,365.995,investing.com_daily_csv
2022-10-11,366.0,investing.com_daily_csv
2022-10-12,366.5,investing.com_daily_csv
2022-10-13,365.0,investing.com_daily_csv
2022-10-14,365.0,investing.com_daily_csv
2022-10-17,367.0,investing.com_daily_csv
2022-10-18,367.0,investing.com_daily_csv
2022-10-19,367.0,investing.com_daily_csv
2022-10-20,367.0,investing.com_daily_csv
2022-10-21,367.0,investing.com_daily_csv
2022-10-24,367.0,investing.com_daily_csv
2022-10-25,365.5,investing.com_daily_csv
2022-10-26,365.0,investing.com_daily_csv
2022-10-27,365.0,investing.com_daily_csv
2022-10-28,365.5,investing.com_daily_csv
2022-10-31,365.5,investing.com_daily_csv
2022-11-01,367.0,investing.com_daily_csv
2022-11-02,367.0,investing.com_daily_csv
2022-11-03,367.5,investing.com_daily_csv
2022-11-04,364.5,investing.com_daily_csv
2022-11-07,364.5,investing.com_daily_csv
2022-11-08,365.5,investing.com_daily_csv
2022-11-09,367.5,investing.com_daily_csv
2022-11-10,368.5,investing.com_daily_csv
2022-11-11,367.5,investing.com_daily_csv
2022-11-14,365.5,investing.com_daily_csv
2022-11-15,367.5,investing.com_daily_csv
2022-11-16,367.5,investing.com_daily_csv
2022-11-17,367.5,investing.com_daily_csv
2022-11-18,367.5,investing.com_daily_csv
2022-11-21,367.5,investing.com_daily_csv
2022-11-22,367.5,investing.com_daily_csv
2022-11-23,365.5,investing.com_daily_csv
2022-11-24,368.5,investing.com_daily_csv
2022-11-25,367.5,investing.com_daily_csv
2022-11-28,368.5,investing.com_daily_csv
2022-11-29,367.5,investing.com_daily_csv
2022-11-30,368.5,investing.com_daily_csv
2022-12-01,368.5,investing.com_daily_csv
2022-12-02,368.5,investing.com_daily_csv
2022-12-05,367.5,investing.com_daily_csv
2022-12-06,367.5,investing.com_daily_csv
2022-12-07,367.5,investing.com_daily_csv
2022-12-08,367.5,investing.com_daily_csv
2022-12-09,367.5,investing.com_daily_csv
2022-12-12,367.5,investing.com_daily_csv
2022-12-13,367.5,investing.com_daily_csv
2022-12-14,365.5,investing.com_daily_csv
2022-12-15,367.5,investing.com_daily_csv
2022-12-16,367.5,investing.com_daily_csv
2022-12-19,365.0,investing.com_daily_csv
2022-12-20,365.5,investing.com_daily_csv
2022-12-21,365.5,investing.com_daily_csv
2022-12-22,365.5,investing.com_daily_csv
2022-12-23,365.5,investing.com_daily_csv
2022-12-26,365.5,investing.com_daily_csv
2022-12-27,365.5,investing.com_daily_csv
2022-12-28,365.5,investing.com_daily_csv
2022-12-29,365.5,investing.com_daily_csv
2022-12-30,367.5,investing.com_daily_csv
2023-01-02,365.5,investing.com_daily_csv
2023-01-03,365.5,investing.com_daily_csv
2023-01-04,365.5,investing.com_daily_csv
2023-01-05,365.5,investing.com_daily_csv
2023-01-06,365.5,investing.com_daily_csv
2023-01-09,367.5,investing.com_daily_csv
2023-01-10,367.5,investing.com_daily_csv
2023-01-11,366.5,investing.com_daily_csv
2023-01-12,367.5,investing.com_daily_csv
2023-01-13,366.0,investing.com_daily_csv
2023-01-16,366.0,investing.com_daily_csv
2023-01-17,367.5,investing.com_daily_csv
2023-01-18,364.0,investing.com_daily_csv
2023-01-19,367.0,investing.com_daily_csv
2023-01-20,366.0,investing.com_daily_csv
2023-01-23,364.0,investing.com_daily_csv
2023-01-24,364.0,investing.com_daily_csv
2023-01-25,364.0,investing.com_daily_csv
2023-01-26,364.0,investing.com_daily_csv
2023-01-27,364.0,investing.com_daily_csv
2023-01-30,366.0,investing.com_daily_csv
2023-01-31,367.5,investing.com_daily_csv
2023-02-01,366.0,investing.com_daily_csv
2023-02-02,366.0,investing.com_daily_csv
2023-02-03,365.0,investing.com_daily_csv
2023-02-06,365.25,investing.com_daily_csv
2023-02-07,365.5,investing.com_daily_csv
2023-02-08,365.5,investing.com_daily_csv
2023-02-09,365.5,investing.com_daily_csv
2023-02-10,365.0,investing.com_daily_csv
2023-02-13,365.0,investing.com_daily_csv
2023-02-14,365.0,investing.com_daily_csv
2023-02-15,365.0,investing.com_daily_csv
2023-02-16,365.0,investing.com_daily_csv
2023-02-17,365.5,investing.com_daily_csv
2023-02-20,361.92,investing.com_daily_csv
2023-02-21,365.0,investing.com_daily_csv
2023-02-22,365.0,investing.com_daily_csv
2023-02-23,365.0,investing.com_daily_csv
2023-02-24,365.0,investing.com_daily_csv
2023-02-27,363.0,investing.com_daily_csv
2023-02-28,362.0,investing.com_daily_csv
2023-03-01,358.0,investing.com_daily_csv
2023-03-02,346.0,investing.com_daily_csv
2023-03-03,339.5,investing.com_daily_csv
2023-03-06,339.5,investing.com_daily_csv
2023-03-07,322.5,investing.com_daily_csv
2023-03-08,322.5,investing.com_daily_csv
2023-03-09,322.5,investing.com_daily_csv
2023-03-10,320.0,investing.com_daily_csv
2023-03-13,327.5,investing.com_daily_csv
2023-03-14,335.0,investing.com_daily_csv
2023-03-15,337.5,investing.com_daily_csv
2023-03-16,339.5,investing.com_daily_csv
2023-03-17,337.5,investing.com_daily_csv
2023-03-20,340.0,investing.com_daily_csv
2023-03-21,321.5,investing.com_daily_csv
2023-03-22,321.0,investing.com_daily_csv
2023-03-23,319.0,investing.com_daily_csv
2023-03-24,321.5,investing.com_daily_csv
2023-03-27,322.5,investing.com_daily_csv
2023-03-28,324.5,investing.com_daily_csv
2023-03-29,326.0,investing.com_daily_csv
2023-03-30,326.5,investing.com_daily_csv
2023-03-31,326.0,investing.com_daily_csv
2023-04-03,325.0,investing.com_daily_csv
2023-04-04,322.5,investing.com_daily_csv
2023-04-05,322.5,investing.com_daily_csv
2023-04-06,320.25,investing.com_daily_csv
2023-04-07,320.25,investing.com_daily_csv
2023-04-10,320.0,investing.com_daily_csv
2023-04-11,320.5,investing.com_daily_csv
2023-04-12,321.0,investing.com_daily_csv
2023-04-13,321.0,investing.com_daily_csv
2023-04-14,321.0,investing.com_daily_csv
2023-04-17,320.0,investing.com_daily_csv
2023-04-18,320.0,investing.com_daily_csv
2023-04-19,320.0,investing.com_daily_csv
2023-04-20,320.0,investing.com_daily_csv
2023-04-21,320.0,investing.com_daily_csv
2023-04-24,320.0,investing.com_daily_csv
2023-04-25,321.75,investing.com_daily_csv
2023-04-26,322.0,investing.com_daily_csv
2023-04-27,322.0,investing.com_daily_csv
2023-04-28,321.0,investing.com_daily_csv
2023-05-01,321.0,investing.com_daily_csv
2023-05-02,321.0,investing.com_daily_csv
2023-05-03,319.55,investing.com_daily_csv
2023-05-04,319.5,investing.com_daily_csv
2023-05-05,319.5,investing.com_daily_csv
2023-05-08,319.0,investing.com_daily_csv
2023-05-09,318.5,investing.com_daily_csv
2023-05-10,316.1,investing.com_daily_csv
2023-05-11,313.25,investing.com_daily_csv
2023-05-12,312.5,investing.com_daily_csv
2023-05-15,313.25,investing.com_daily_csv
2023-05-16,309.375,investing.com_daily_csv
2023-05-17,305.5,investing.com_daily_csv
2023-05-18,307.0,investing.com_daily_csv
2023-05-19,307.0,investing.com_daily_csv
2023-05-22,305.5,investing.com_daily_csv
2023-05-23,305.0,investing.com_daily_csv
2023-05-24,303.5,investing.com_daily_csv
2023-05-25,302.5,investing.com_daily_csv
2023-05-26,297.25,investing.com_daily_csv
2023-05-29,297.0,investing.com_daily_csv
2023-05-30,294.5,investing.com_daily_csv
2023-05-31,290.25,investing.com_daily_csv
2023-06-01,294.0,investing.com_daily_csv
2023-06-02,291.0,investing.com_daily_csv
2023-06-05,290.25,investing.com_daily_csv
2023-06-06,292.0,investing.com_daily_csv
2023-06-07,291.5,investing.com_daily_csv
2023-06-08,295.0,investing.com_daily_csv
2023-06-09,296.0,investing.com_daily_csv
2023-06-12,300.5,investing.com_daily_csv
2023-06-13,307.0,investing.com_daily_csv
2023-06-14,315.0,investing.com_daily_csv
2023-06-15,306.0,investing.com_daily_csv
2023-06-16,307.5,investing.com_daily_csv
2023-06-19,306.5,investing.com_daily_csv
2023-06-20,307.0,investing.com_daily_csv
2023-06-21,307.0,investing.com_daily_csv
2023-06-22,307.0,investing.com_daily_csv
2023-06-23,307.75,investing.com_daily_csv
2023-06-26,308.0,investing.com_daily_csv
2023-06-27,308.5,investing.com_daily_csv
2023-06-28,307.75,investing.com_daily_csv
2023-06-29,307.75,investing.com_daily_csv
2023-06-30,307.75,investing.com_daily_csv
2023-07-03,307.75,investing.com_daily_csv
2023-07-04,307.0,investing.com_daily_csv
2023-07-05,307.0,investing.com_daily_csv
2023-07-06,310.0,investing.com_daily_csv
2023-07-07,310.5,investing.com_daily_csv
2023-07-10,311.5,investing.com_daily_csv
2023-07-11,314.0,investing.com_daily_csv
2023-07-12,315.0,investing.com_daily_csv
2023-07-13,317.625,investing.com_daily_csv
2023-07-14,319.0,investing.com_daily_csv
2023-07-17,322.5,investing.com_daily_csv
2023-07-18,322.75,investing.com_daily_csv
2023-07-19,324.0,investing.com_daily_csv
2023-07-20,325.0,investing.com_daily_csv
2023-07-21,327.5,investing.com_daily_csv
2023-07-24,330.0,investing.com_daily_csv
2023-07-25,331.0,investing.com_daily_csv
2023-07-26,329.0,investing.com_daily_csv
2023-07-27,329.0,investing.com_daily_csv
2023-07-28,329.0,investing.com_daily_csv
2023-07-31,318.0,investing.com_daily_csv
2023-08-01,318.0,investing.com_daily_csv
2023-08-02,314.5,investing.com_daily_csv
2023-08-03,318.0,investing.com_daily_csv
2023-08-04,320.5,investing.com_daily_csv
2023-08-07,322.5,investing.com_daily_csv
2023-08-08,320.0,investing.com_daily_csv
2023-08-09,320.0,investing.com_daily_csv
2023-08-10,320.0,investing.com_daily_csv
2023-08-11,319.75,investing.com_daily_csv
2023-08-14,321.25,investing.com_daily_csv
2023-08-15,320.5,investing.com_daily_csv
2023-08-16,321.5,investing.com_daily_csv
2023-08-17,322.0,investing.com_daily_csv
2023-08-18,323.5,investing.com_daily_csv
2023-08-21,323.75,investing.com_daily_csv
2023-08-22,324.0,investing.com_daily_csv
2023-08-23,323.5,investing.com_daily_csv
2023-08-24,323.5,investing.com_daily_csv
2023-08-25,323.5,investing.com_daily_csv
2023-08-28,324.0,investing.com_daily_csv
2023-08-29,321.0,investing.com_daily_csv
2023-08-30,321.0,investing.com_daily_csv
2023-08-31,319.0,investing.com_daily_csv
2023-09-01,319.0,investing.com_daily_csv
2023-09-04,320.75,investing.com_daily_csv
2023-09-05,321.5,investing.com_daily_csv
2023-09-06,321.5,investing.com_daily_csv
2023-09-07,322.5,investing.com_daily_csv
2023-09-08,321.5,investing.com_daily_csv
2023-09-11,321.75,investing.com_daily_csv
2023-09-12,322.5,investing.com_daily_csv
2023-09-13,323.0,investing.com_daily_csv
2023-09-14,324.0,investing.com_daily_csv
2023-09-15,323.125,investing.com_daily_csv
2023-09-18,324.625,investing.com_daily_csv
2023-09-19,324.5,investing.com_daily_csv
2023-09-20,324.5,investing.com_daily_csv
2023-09-21,324.0,investing.com_daily_csv
2023-09-22,324.5,investing.com_daily_csv
2023-09-25,324.5,investing.com_daily_csv
2023-09-26,323.75,investing.com_daily_csv
2023-09-27,324.0,investing.com_daily_csv
2023-09-28,324.0,investing.com_daily_csv
2023-09-29,324.0,investing.com_daily_csv
2023-10-02,324.175,investing.com_daily_csv
2023-10-03,324.0,investing.com_daily_csv
2023-10-04,323.625,investing.com_daily_csv
2023-10-05,324.05,investing.com_daily_csv
2023-10-06,324.0,investing.com_daily_csv
2023-10-09,323.7,investing.com_daily_csv
2023-10-10,323.7,investing.com_daily_csv
2023-10-11,323.75,investing.com_daily_csv
2023-10-12,323.625,investing.com_daily_csv
2023-10-13,323.625,investing.com_daily_csv
2023-10-16,323.95,investing.com_daily_csv
2023-10-17,324.25,investing.com_daily_csv
2023-10-18,324.575,investing.com_daily_csv
2023-10-19,324.75,investing.com_daily_csv
2023-10-20,325.75,investing.com_daily_csv
2023-10-23,326.15,investing.com_daily_csv
2023-10-24,327.5,investing.com_daily_csv
2023-10-25,326.5,investing.com_daily_csv
2023-10-26,326.75,investing.com_daily_csv
2023-10-27,327.4,investing.com_daily_csv
2023-10-30,327.25,investing.com_daily_csv
2023-10-31,327.75,investing.com_daily_csv
2023-11-01,327.75,investing.com_daily_csv
2023-11-02,329.0,investing.com_daily_csv
2023-11-03,328.75,investing.com_daily_csv
2023-11-06,326.75,investing.com_daily_csv
2023-11-07,327.75,investing.com_daily_csv
2023-11-08,328.5,investing.com_daily_csv
2023-11-09,327.25,investing.com_daily_csv
2023-11-10,327.125,investing.com_daily_csv
2023-11-13,326.75,investing.com_daily_csv
2023-11-14,327.75,investing.com_daily_csv
2023-11-15,328.65,investing.com_daily_csv
2023-11-16,328.0,investing.com_daily_csv
2023-11-17,327.75,investing.com_daily_csv
2023-11-20,328.0,investing.com_daily_csv
2023-11-21,328.45,investing.com_daily_csv
2023-11-22,328.5,investing.com_daily_csv
2023-11-23,328.5,investing.com_daily_csv
2023-11-24,328.4,investing.com_daily_csv
2023-11-27,329.0,investing.com_daily_csv
2023-11-28,329.25,investing.com_daily_csv
2023-11-29,328.5,investing.com_daily_csv
2023-11-30,328.0,investing.com_daily_csv
2023-12-01,328.0,investing.com_daily_csv
2023-12-04,328.0,investing.com_daily_csv
2023-12-05,327.9,investing.com_daily_csv
2023-12-06,326.85,investing.com_daily_csv
2023-12-07,326.65,investing.com_daily_csv
2023-12-08,327.0,investing.com_daily_csv
2023-12-11,327.0,investing.com_daily_csv
2023-12-12,326.875,investing.com_daily_csv
2023-12-13,326.75,investing.com_daily_csv
2023-12-14,326.6,investing.com_daily_csv
2023-12-15,326.925,investing.com_daily_csv
2023-12-18,326.875,investing.com_daily_csv
2023-12-19,327.0,investing.com_daily_csv
2023-12-20,326.8,investing.com_daily_csv
2023-12-21,326.225,investing.com_daily_csv
2023-12-22,325.4,investing.com_daily_csv
2023-12-25,325.4,investing.com_daily_csv
2023-12-26,325.4,investing.com_daily_csv
2023-12-27,324.0,investing.com_daily_csv
2023-12-28,323.85,investing.com_daily_csv
2023-12-29,323.9,investing.com_daily_csv
2024-01-01,323.0,investing.com_daily_csv
2024-01-02,321.75,investing.com_daily_csv
2024-01-03,322.75,investing.com_daily_csv
2024-01-04,322.7,investing.com_daily_csv
2024-01-05,322.6,investing.com_daily_csv
2024-01-08,322.425,investing.com_daily_csv
2024-01-09,322.5,investing.com_daily_csv
2024-01-10,322.875,investing.com_daily_csv
2024-01-11,322.6,investing.com_daily_csv
2024-01-12,322.15,investing.com_daily_csv
2024-01-15,322.15,investing.com_daily_csv
2024-01-16,321.525,investing.com_daily_csv
2024-01-17,320.9,investing.com_daily_csv
2024-01-18,320.85,investing.com_daily_csv
2024-01-19,320.25,investing.com_daily_csv
2024-01-22,319.95,investing.com_daily_csv
2024-01-23,319.85,investing.com_daily_csv
2024-01-24,318.25,investing.com_daily_csv
2024-01-25,318.25,investing.com_daily_csv
2024-01-26,317.6,investing.com_daily_csv
2024-01-29,317.8,investing.com_daily_csv
2024-01-30,316.95,investing.com_daily_csv
2024-01-31,315.85,investing.com_daily_csv
2024-02-01,313.25,investing.com_daily_csv
2024-02-02,311.75,investing.com_daily_csv
2024-02-05,312.55,investing.com_daily_csv
2024-02-06,313.75,investing.com_daily_csv
2024-02-07,313.0,investing.com_daily_csv
2024-02-08,313.0,investing.com_daily_csv
2024-02-09,312.8,investing.com_daily_csv
2024-02-12,313.4,investing.com_daily_csv
2024-02-13,313.15,investing.com_daily_csv
2024-02-14,313.125,investing.com_daily_csv
2024-02-15,312.8,investing.com_daily_csv
2024-02-16,312.35,investing.com_daily_csv
2024-02-19,312.15,investing.com_daily_csv
2024-02-20,311.85,investing.com_daily_csv
2024-02-21,311.4,investing.com_daily_csv
2024-02-22,310.8,investing.com_daily_csv
2024-02-23,310.8,investing.com_daily_csv
2024-02-26,310.8,investing.com_daily_csv
2024-02-27,310.4,investing.com_daily_csv
2024-02-28,310.1,investing.com_daily_csv
2024-02-29,309.6,investing.com_daily_csv
2024-03-01,308.825,investing.com_daily_csv
2024-03-04,307.95,investing.com_daily_csv
2024-03-05,308.0,investing.com_daily_csv
2024-03-06,307.75,investing.com_daily_csv
2024-03-07,307.35,investing.com_daily_csv
2024-03-08,307.35,investing.com_daily_csv
2024-03-11,306.95,investing.com_daily_csv
2024-03-12,306.525,investing.com_daily_csv
2024-03-13,306.075,investing.com_daily_csv
2024-03-14,305.525,investing.com_daily_csv
2024-03-15,305.225,investing.com_daily_csv
2024-03-18,304.525,investing.com_daily_csv
2024-03-19,303.9,investing.com_daily_csv
2024-03-20,304.1,investing.com_daily_csv
2024-03-21,303.9,investing.com_daily_csv
2024-03-22,303.3,investing.com_daily_csv
2024-03-25,302.65,investing.com_daily_csv
2024-03-26,301.9,investing.com_daily_csv
2024-03-27,300.9,investing.com_daily_csv
2024-03-28,300.4,investing.com_daily_csv
2024-03-29,300.4,investing.com_daily_csv
2024-04-01,300.05,investing.com_daily_csv
2024-04-02,299.95,investing.com_daily_csv
2024-04-03,299.8,investing.com_daily_csv
2024-04-04,299.7,investing.com_daily_csv
2024-04-05,299.25,investing.com_daily_csv
2024-04-08,298.9,investing.com_daily_csv
2024-04-09,298.625,investing.com_daily_csv
2024-04-10,298.45,investing.com_daily_csv
2024-04-11,298.45,investing.com_daily_csv
2024-04-12,298.45,investing.com_daily_csv
2024-04-15,299.0,investing.com_daily_csv
2024-04-16,300.0,investing.com_daily_csv
2024-04-17,301.5,investing.com_daily_csv
2024-04-18,301.5,investing.com_daily_csv
2024-04-19,301.5,investing.com_daily_csv
2024-04-22,300.45,investing.com_daily_csv
2024-04-23,300.45,investing.com_daily_csv
2024-04-24,298.0,investing.com_daily_csv
2024-04-25,296.85,investing.com_daily_csv
2024-04-26,295.975,investing.com_daily_csv
2024-04-29,296.7,investing.com_daily_csv
2024-04-30,297.5,investing.com_daily_csv
2024-05-01,297.5,investing.com_daily_csv
2024-05-02,297.0,investing.com_daily_csv
2024-05-03,297.15,investing.com_daily_csv
2024-05-06,298.5,investing.com_daily_csv
2024-05-07,299.55,investing.com_daily_csv
2024-05-08,298.7,investing.com_daily_csv
2024-05-09,298.75,investing.com_daily_csv
2024-05-10,298.75,investing.com_daily_csv
2024-05-13,300.2,investing.com_daily_csv
2024-05-14,301.0,investing.com_daily_csv
2024-05-15,302.1,investing.com_daily_csv
2024-05-16,300.7,investing.com_daily_csv
2024-05-17,299.45,investing.com_daily_csv
2024-05-20,299.6,investing.com_daily_csv
2024-05-21,299.9,investing.com_daily_csv
2024-05-22,300.0,investing.com_daily_csv
2024-05-23,300.0,investing.com_daily_csv
2024-05-24,300.0,investing.com_daily_csv
2024-05-27,300.6,investing.com_daily_csv
2024-05-28,301.95,investing.com_daily_csv
2024-05-29,301.45,investing.com_daily_csv
2024-05-30,301.875,investing.com_daily_csv
2024-05-31,301.9,investing.com_daily_csv
2024-06-03,301.9,investing.com_daily_csv
2024-06-04,302.1,investing.com_daily_csv
2024-06-05,302.35,investing.com_daily_csv
2024-06-06,302.85,investing.com_daily_csv
2024-06-07,302.6,investing.com_daily_csv
2024-06-10,303.15,investing.com_daily_csv
2024-06-11,303.25,investing.com_daily_csv
2024-06-12,303.8,investing.com_daily_csv
2024-06-13,303.8,investing.com_daily_csv
2024-06-14,303.9,investing.com_daily_csv
2024-06-17,303.9,investing.com_daily_csv
2024-06-18,304.8,investing.com_daily_csv
2024-06-19,305.05,investing.com_daily_csv
2024-06-20,305.225,investing.com_daily_csv
2024-06-21,305.225,investing.com_daily_csv
2024-06-24,305.125,investing.com_daily_csv
2024-06-25,305.2,investing.com_daily_csv
2024-06-26,305.35,investing.com_daily_csv
2024-06-27,305.55,investing.com_daily_csv
2024-06-28,305.95,investing.com_daily_csv
2024-07-01,305.05,investing.com_daily_csv
2024-07-02,302.625,investing.com_daily_csv
2024-07-03,304.3,investing.com_daily_csv
2024-07-04,304.45,investing.com_daily_csv
2024-07-05,304.6,investing.com_daily_csv
2024-07-08,304.375,investing.com_daily_csv
2024-07-09,304.0,investing.com_daily_csv
2024-07-10,303.7,investing.com_daily_csv
2024-07-11,302.875,investing.com_daily_csv
2024-07-12,301.8,investing.com_daily_csv
2024-07-15,302.45,investing.com_daily_csv
2024-07-16,303.5,investing.com_daily_csv
2024-07-17,303.75,investing.com_daily_csv
2024-07-18,303.85,investing.com_daily_csv
2024-07-19,303.625,investing.com_daily_csv
2024-07-22,303.875,investing.com_daily_csv
2024-07-23,303.65,investing.com_daily_csv
2024-07-24,303.55,investing.com_daily_csv
2024-07-25,303.35,investing.com_daily_csv
2024-07-26,303.05,investing.com_daily_csv
2024-07-29,302.65,investing.com_daily_csv
2024-07-30,302.55,investing.com_daily_csv
2024-07-31,302.375,investing.com_daily_csv
2024-08-01,302.325,investing.com_daily_csv
2024-08-02,301.95,investing.com_daily_csv
2024-08-05,302.4,investing.com_daily_csv
2024-08-06,302.15,investing.com_daily_csv
2024-08-07,301.625,investing.com_daily_csv
2024-08-08,300.95,investing.com_daily_csv
2024-08-09,300.0,investing.com_daily_csv
2024-08-12,299.45,investing.com_daily_csv
2024-08-13,299.125,investing.com_daily_csv
2024-08-14,299.15,investing.com_daily_csv
2024-08-15,299.0,investing.com_daily_csv
2024-08-16,298.8,investing.com_daily_csv
2024-08-19,298.8,investing.com_daily_csv
2024-08-20,299.6,investing.com_daily_csv
2024-08-21,300.375,investing.com_daily_csv
2024-08-22,301.15,investing.com_daily_csv
2024-08-23,299.85,investing.com_daily_csv
2024-08-26,300.85,investing.com_daily_csv
2024-08-27,300.4,investing.com_daily_csv
2024-08-28,300.6,investing.com_daily_csv
2024-08-29,300.075,investing.com_daily_csv
2024-08-30,299.2,investing.com_daily_csv
2024-09-02,298.95,investing.com_daily_csv
2024-09-03,299.05,investing.com_daily_csv
2024-09-04,298.9,investing.com_daily_csv
2024-09-05,298.8,investing.com_daily_csv
2024-09-06,299.025,investing.com_daily_csv
2024-09-09,301.0,investing.com_daily_csv
2024-09-10,300.6,investing.com_daily_csv
2024-09-11,300.9,investing.com_daily_csv
2024-09-12,301.5,investing.com_daily_csv
2024-09-13,302.0,investing.com_daily_csv
2024-09-16,302.0,investing.com_daily_csv
2024-09-17,302.0,investing.com_daily_csv
2024-09-18,303.35,investing.com_daily_csv
2024-09-19,304.35,investing.com_daily_csv
2024-09-20,305.25,investing.com_daily_csv
2024-09-23,304.25,investing.com_daily_csv
2024-09-24,303.05,investing.com_daily_csv
2024-09-25,300.75,investing.com_daily_csv
2024-09-26,299.85,investing.com_daily_csv
2024-09-27,298.8,investing.com_daily_csv
2024-09-30,296.2,investing.com_daily_csv
2024-10-01,294.85,investing.com_daily_csv
2024-10-02,295.5,investing.com_daily_csv
2024-10-03,294.0,investing.com_daily_csv
2024-10-04,294.0,investing.com_daily_csv
2024-10-07,293.3,investing.com_daily_csv
2024-10-08,293.125,investing.com_daily_csv
2024-10-09,292.95,investing.com_daily_csv
2024-10-10,292.85,investing.com_daily_csv
2024-10-11,292.9,investing.com_daily_csv
2024-10-14,293.175,investing.com_daily_csv
2024-10-15,293.2,investing.com_daily_csv
2024-10-16,292.85,investing.com_daily_csv
2024-10-17,292.85,investing.com_daily_csv
2024-10-18,293.0,investing.com_daily_csv
2024-10-21,293.1,investing.com_daily_csv
2024-10-22,293.2,investing.com_daily_csv
2024-10-23,293.4,investing.com_daily_csv
2024-10-24,293.65,investing.com_daily_csv
2024-10-25,293.5,investing.com_daily_csv
2024-10-28,293.625,investing.com_daily_csv
2024-10-29,293.65,investing.com_daily_csv
2024-10-30,292.95,investing.com_daily_csv
2024-10-31,292.95,investing.com_daily_csv
2024-11-01,292.95,investing.com_daily_csv
2024-11-04,293.175,investing.com_daily_csv
2024-11-05,293.05,investing.com_daily_csv
2024-11-06,292.8,investing.com_daily_csv
2024-11-07,292.6,investing.com_daily_csv
2024-11-08,292.575,investing.com_daily_csv
2024-11-11,292.6,investing.com_daily_csv
2024-11-12,292.425,investing.com_daily_csv
2024-11-13,292.25,investing.com_daily_csv
2024-11-14,292.15,investing.com_daily_csv
2024-11-15,292.15,investing.com_daily_csv
2024-11-18,291.35,investing.com_daily_csv
2024-11-19,290.95,investing.com_daily_csv
2024-11-20,290.95,investing.com_daily_csv
2024-11-21,290.95,investing.com_daily_csv
2024-11-22,291.05,investing.com_daily_csv
2024-11-25,291.0,investing.com_daily_csv
2024-11-26,291.15,investing.com_daily_csv
2024-11-27,291.025,investing.com_daily_csv
2024-11-28,290.7,investing.com_daily_csv
2024-11-29,290.65,investing.com_daily_csv
2024-12-02,290.65,investing.com_daily_csv
2024-12-03,290.5,investing.com_daily_csv
2024-12-04,290.4,investing.com_daily_csv
2024-12-05,290.3,investing.com_daily_csv
2024-12-06,290.325,investing.com_daily_csv
2024-12-09,290.35,investing.com_daily_csv
2024-12-10,290.25,investing.com_daily_csv
2024-12-11,290.2,investing.com_daily_csv
2024-12-12,290.175,investing.com_daily_csv
2024-12-13,290.2,investing.com_daily_csv
2024-12-16,290.75,investing.com_daily_csv
2024-12-17,291.15,investing.com_daily_csv
2024-12-18,291.45,investing.com_daily_csv
2024-12-19,292.9,investing.com_daily_csv
2024-12-20,293.6,investing.com_daily_csv
2024-12-23,296.125,investing.com_daily_csv
2024-12-24,294.75,investing.com_daily_csv
2024-12-25,294.75,investing.com_daily_csv
2024-12-26,294.05,investing.com_daily_csv
2024-12-27,292.25,investing.com_daily_csv
2024-12-30,292.5,investing.com_daily_csv
2024-12-31,293.125,investing.com_daily_csv
2025-01-01,293.0,investing.com_daily_csv
2025-01-02,293.2,investing.com_daily_csv
2025-01-03,293.75,investing.com_daily_csv
2025-01-06,295.6,investing.com_daily_csv
2025-01-07,295.5,investing.com_daily_csv
2025-01-08,296.0,investing.com_daily_csv
2025-01-09,294.625,investing.com_daily_csv
2025-01-10,294.55,investing.com_daily_csv
2025-01-13,294.55,investing.com_daily_csv
2025-01-14,294.55,investing.com_daily_csv
2025-01-15,295.625,investing.com_daily_csv
2025-01-16,296.3,investing.com_daily_csv
2025-01-17,296.45,investing.com_daily_csv
2025-01-20,296.85,investing.com_daily_csv
2025-01-21,297.6,investing.com_daily_csv
2025-01-22,298.625,investing.com_daily_csv
2025-01-23,298.6,investing.com_daily_csv
2025-01-24,298.25,investing.com_daily_csv
2025-01-27,298.5,investing.com_daily_csv
2025-01-28,296.95,investing.com_daily_csv
2025-01-29,296.5,investing.com_daily_csv
2025-01-30,297.55,investing.com_daily_csv
2025-01-31,298.0,investing.com_daily_csv
2025-02-03,299.55,investing.com_daily_csv
2025-02-04,299.55,investing.com_daily_csv
2025-02-05,298.55,investing.com_daily_csv
2025-02-06,298.25,investing.com_daily_csv
2025-02-07,297.25,investing.com_daily_csv
2025-02-10,296.8,investing.com_daily_csv
2025-02-11,296.95,investing.com_daily_csv
2025-02-12,296.95,investing.com_daily_csv
2025-02-13,295.85,investing.com_daily_csv
2025-02-14,295.55,investing.com_daily_csv
2025-02-17,295.65,investing.com_daily_csv
2025-02-18,296.125,investing.com_daily_csv
2025-02-19,296.9,investing.com_daily_csv
2025-02-20,296.15,investing.com_daily_csv
2025-02-21,295.65,investing.com_daily_csv
2025-02-24,295.625,investing.com_daily_csv
2025-02-25,295.6,investing.com_daily_csv
2025-02-26,295.6,investing.com_daily_csv
2025-02-27,295.3,investing.com_daily_csv
2025-02-28,295.25,investing.com_daily_csv
2025-03-03,295.25,investing.com_daily_csv
2025-03-04,295.2,investing.com_daily_csv
2025-03-05,295.275,investing.com_daily_csv
2025-03-06,295.55,investing.com_daily_csv
2025-03-07,295.45,investing.com_daily_csv
2025-03-10,295.45,investing.com_daily_csv
2025-03-11,295.425,investing.com_daily_csv
2025-03-12,295.35,investing.com_daily_csv
2025-03-13,295.35,investing.com_daily_csv
2025-03-14,296.4,investing.com_daily_csv
2025-03-17,296.375,investing.com_daily_csv
2025-03-18,296.075,investing.com_daily_csv
2025-03-19,296.4,investing.com_daily_csv
2025-03-20,296.45,investing.com_daily_csv
2025-03-21,296.35,investing.com_daily_csv
2025-03-24,296.725,investing.com_daily_csv
2025-03-25,296.5,investing.com_daily_csv
2025-03-26,296.31,investing.com_daily_csv
2025-03-27,296.25,investing.com_daily_csv
2025-03-28,296.2,investing.com_daily_csv
2025-03-31,296.2,investing.com_daily_csv
2025-04-01,296.075,investing.com_daily_csv
2025-04-02,296.05,investing.com_daily_csv
2025-04-03,296.85,investing.com_daily_csv
2025-04-04,296.7,investing.com_daily_csv
2025-04-07,298.0,investing.com_daily_csv
2025-04-08,299.75,investing.com_daily_csv
2025-04-09,301.0,investing.com_daily_csv
2025-04-10,297.5,investing.com_daily_csv
2025-04-11,298.1,investing.com_daily_csv
2025-04-14,298.1,investing.com_daily_csv
2025-04-15,298.1,investing.com_daily_csv
2025-04-16,298.5,investing.com_daily_csv
2025-04-17,299.025,investing.com_daily_csv
2025-04-18,299.025,investing.com_daily_csv
2025-04-21,299.225,investing.com_daily_csv
2025-04-22,299.85,investing.com_daily_csv
2025-04-23,299.7,investing.com_daily_csv
2025-04-24,299.95,investing.com_daily_csv
2025-04-25,299.6,investing.com_daily_csv
2025-04-28,299.6,investing.com_daily_csv
2025-04-29,299.5,investing.com_daily_csv
2025-04-30,299.475,investing.com_daily_csv
2025-05-01,299.475,investing.com_daily_csv
2025-05-02,299.5,investing.com_daily_csv
2025-05-05,299.5,investing.com_daily_csv
2025-05-06,299.5,investing.com_daily_csv
2025-05-07,299.35,investing.com_daily_csv
2025-05-08,299.1,investing.com_daily_csv
2025-05-09,298.85,investing.com_daily_csv
2025-05-12,298.85,investing.com_daily_csv
2025-05-13,298.85,investing.com_daily_csv
2025-05-14,298.65,investing.com_daily_csv
2025-05-15,298.5,investing.com_daily_csv
2025-05-16,299.15,investing.com_daily_csv
2025-05-19,300.0,investing.com_daily_csv
2025-05-20,300.35,investing.com_daily_csv
2025-05-21,299.55,investing.com_daily_csv
2025-05-22,299.325,investing.com_daily_csv
2025-05-23,299.4,investing.com_daily_csv
2025-05-26,299.7,investing.com_daily_csv
2025-05-27,299.6,investing.com_daily_csv
2025-05-28,299.45,investing.com_daily_csv
2025-05-29,299.3,investing.com_daily_csv
2025-05-30,299.45,investing.com_daily_csv
2025-06-02,299.5,investing.com_daily_csv
2025-06-03,299.35,investing.com_daily_csv
2025-06-04,299.3,investing.com_daily_csv
2025-06-05,299.15,investing.com_daily_csv
2025-06-06,299.05,investing.com_daily_csv
2025-06-09,299.05,investing.com_daily_csv
2025-06-10,299.05,investing.com_daily_csv
2025-06-11,298.925,investing.com_daily_csv
2025-06-12,299.05,investing.com_daily_csv
2025-06-13,299.85,investing.com_daily_csv
2025-06-16,300.85,investing.com_daily_csv
2025-06-17,300.75,investing.com_daily_csv
2025-06-18,300.5,investing.com_daily_csv
2025-06-19,300.65,investing.com_daily_csv
2025-06-20,300.5,investing.com_daily_csv
2025-06-23,301.175,investing.com_daily_csv
2025-06-24,300.45,investing.com_daily_csv
2025-06-25,300.15,investing.com_daily_csv
2025-06-26,299.95,investing.com_daily_csv
2025-06-27,299.85,investing.com_daily_csv
2025-06-30,300.0,investing.com_daily_csv
2025-07-01,299.95,investing.com_daily_csv
2025-07-02,299.925,investing.com_daily_csv
2025-07-03,299.925,investing.com_daily_csv
2025-07-04,300.025,investing.com_daily_csv
2025-07-07,301.25,investing.com_daily_csv
2025-07-08,300.6,investing.com_daily_csv
2025-07-09,300.4,investing.com_daily_csv
2025-07-10,300.4,investing.com_daily_csv
2025-07-11,300.65,investing.com_daily_csv
2025-07-14,300.9,investing.com_daily_csv
2025-07-15,300.925,investing.com_daily_csv
2025-07-16,301.45,investing.com_daily_csv
2025-07-17,301.45,investing.com_daily_csv
2025-07-18,301.65,investing.com_daily_csv
2025-07-21,301.75,investing.com_daily_csv
2025-07-22,301.75,investing.com_daily_csv
2025-07-23,301.7,investing.com_daily_csv
2025-07-24,301.775,investing.com_daily_csv
2025-07-25,301.85,investing.com_daily_csv
2025-07-28,301.95,investing.com_daily_csv
2025-07-29,302.1,investing.com_daily_csv
2025-07-30,302.175,investing.com_daily_csv
2025-07-31,302.25,investing.com_daily_csv
2025-08-01,301.225,investing.com_daily_csv
2025-08-04,300.9,investing.com_daily_csv
2025-08-05,300.75,investing.com_daily_csv
2025-08-06,300.75,investing.com_daily_csv
2025-08-07,300.7,investing.com_daily_csv
2025-08-08,300.7,investing.com_daily_csv
2025-08-11,300.8,investing.com_daily_csv
2025-08-12,301.025,investing.com_daily_csv
2025-08-13,300.85,investing.com_daily_csv
2025-08-14,301.075,investing.com_daily_csv
2025-08-15,301.03,investing.com_daily_csv
2025-08-18,301.1,investing.com_daily_csv
2025-08-19,301.375,investing.com_daily_csv
2025-08-20,301.75,investing.com_daily_csv
2025-08-21,301.9,investing.com_daily_csv
2025-08-22,301.9,investing.com_daily_csv
2025-08-25,302.15,investing.com_daily_csv
2025-08-26,302.25,investing.com_daily_csv
2025-08-27,302.375,investing.com_daily_csv
2025-08-28,302.35,investing.com_daily_csv
2025-08-29,302.05,investing.com_daily_csv
2025-09-01,301.95,investing.com_daily_csv
2025-09-02,302.15,investing.com_daily_csv
2025-09-03,302.05,investing.com_daily_csv
2025-09-04,301.95,investing.com_daily_csv
2025-09-05,301.95,investing.com_daily_csv
2025-09-08,301.95,investing.com_daily_csv
2025-09-09,301.875,investing.com_daily_csv
2025-09-10,301.95,investing.com_daily_csv
2025-09-11,301.85,investing.com_daily_csv
2025-09-12,301.8,investing.com_daily_csv
2025-09-15,302.05,investing.com_daily_csv
2025-09-16,302.05,investing.com_daily_csv
2025-09-17,301.95,investing.com_daily_csv
2025-09-18,302.025,investing.com_daily_csv
2025-09-19,302.4,investing.com_daily_csv
2025-09-22,302.45,investing.com_daily_csv
2025-09-23,302.4,investing.com_daily_csv
2025-09-24,302.45,investing.com_daily_csv
2025-09-25,302.5,investing.com_daily_csv
2025-09-26,302.55,investing.com_daily_csv
2025-09-29,302.55,investing.com_daily_csv
2025-09-30,302.55,investing.com_daily_csv
2025-10-01,302.45,investing.com_daily_csv
2025-10-02,302.45,investing.com_daily_csv
2025-10-03,302.4,investing.com_daily_csv
2025-10-06,302.4,investing.com_daily_csv
2025-10-07,302.475,investing.com_daily_csv
2025-10-08,302.6,investing.com_daily_csv
2025-10-09,302.7,investing.com_daily_csv
2025-10-10,302.6,investing.com_daily_csv
2025-10-13,302.575,investing.com_daily_csv
2025-10-14,302.85,investing.com_daily_csv
2025-10-15,303.0,investing.com_daily_csv
2025-10-16,302.975,investing.com_daily_csv
2025-10-17,302.8,investing.com_daily_csv
2025-10-20,302.8,investing.com_daily_csv
2025-10-21,303.15,investing.com_daily_csv
2025-10-22,303.35,investing.com_daily_csv
2025-10-23,303.55,investing.com_daily_csv
2025-10-24,303.675,investing.com_daily_csv
2025-10-27,304.075,investing.com_daily_csv
2025-10-28,304.3,investing.com_daily_csv
2025-10-29,304.375,investing.com_daily_csv
2025-10-30,304.225,investing.com_daily_csv
2025-10-31,304.45,investing.com_daily_csv
2025-11-03,304.425,investing.com_daily_csv
2025-11-04,304.7,investing.com_daily_csv
2025-11-05,304.7,investing.com_daily_csv
2025-11-06,304.95,investing.com_daily_csv
2025-11-07,304.8,investing.com_daily_csv
2025-11-10,304.1,investing.com_daily_csv
2025-11-11,304.275,investing.com_daily_csv
2025-11-12,304.5,investing.com_daily_csv
2025-11-13,305.7,investing.com_daily_csv
2025-11-14,306.725,investing.com_daily_csv
2025-11-17,307.0,investing.com_daily_csv
2025-11-18,307.875,investing.com_daily_csv
2025-11-19,308.25,investing.com_daily_csv
2025-11-20,308.15,investing.com_daily_csv
2025-11-21,307.8,investing.com_daily_csv
2025-11-24,307.7,investing.com_daily_csv
2025-11-25,307.9,investing.com_daily_csv
2025-11-26,307.95,investing.com_daily_csv
2025-11-27,308.0,investing.com_daily_csv
2025-11-28,308.175,investing.com_daily_csv
2025-12-01,308.5,investing.com_daily_csv
2025-12-02,308.8,investing.com_daily_csv
2025-12-03,308.675,investing.com_daily_csv
2025-12-04,308.675,investing.com_daily_csv
2025-12-05,308.45,investing.com_daily_csv
2025-12-08,308.575,investing.com_daily_csv
2025-12-09,308.65,investing.com_daily_csv
2025-12-10,308.8,investing.com_daily_csv
2025-12-11,309.25,investing.com_daily_csv
2025-12-12,309.0,investing.com_daily_csv
2025-12-15,309.2,investing.com_daily_csv
2025-12-16,309.5,investing.com_daily_csv
2025-12-17,309.65,investing.com_daily_csv
2025-12-18,309.35,investing.com_daily_csv
2025-12-19,309.55,investing.com_daily_csv
2025-12-22,309.6,investing.com_daily_csv
2025-12-23,309.55,investing.com_daily_csv
2025-12-24,309.6,investing.com_daily_csv
2025-12-25,309.6,investing.com_daily_csv
2025-12-26,309.6,investing.com_daily_csv
2025-12-29,309.875,investing.com_daily_csv
2025-12-30,310.05,investing.com_daily_csv
2025-12-31,309.6,investing.com_daily_csv
2026-01-01,309.6,investing.com_daily_csv
